feedback_id,created_at,source,customer_id,customer_segment,product_area,feedback_text,rating,app_version,region,monthly_revenue,label,sentiment_label,severity_label
FB-0022,2026-05-01,Support Ticket,CUST-1169,Mid-Market,Payments,My payment failed after I entered the OTP.,3,4.0.0,United Kingdom,30004,Payment Failure,Negative,Critical
FB-0048,2026-05-01,Survey,CUST-1220,Mid-Market,Reporting,Please add an option to export invoices to Excel.,4,4.0.0,United States,60014,Invoice Export,Neutral,Medium
FB-0332,2026-05-01,Sales Note,CUST-1348,Free,Authentication,Biometric login stopped working after the update.,1,4.0.0,India,0,Login Problem,Negative,High
FB-0351,2026-05-01,Feature Request,CUST-1186,Enterprise,Payments,The app crashed while I was paying by card.,1,4.0.0,United Kingdom,139108,Payment Failure,Negative,Critical
FB-0518,2026-05-01,Sales Note,CUST-1003,Mid-Market,Dashboard,The analytics screen needs clearer filters.,4,4.0.0,United Kingdom,52879,Dashboard Usability,Neutral,Low
FB-0076,2026-05-02,Feature Request,CUST-1284,SMB,Reporting,We need bulk invoice downloads for accounting.,4,4.1.0,Singapore,5954,Invoice Export,Neutral,Medium
FB-0121,2026-05-02,Survey,CUST-1299,Free,Refunds,Support confirmed a refund but I have not received it.,2,4.1.0,India,0,Refund Delay,Negative,High
FB-0215,2026-05-02,Feature Request,CUST-1187,SMB,Integrations,Please add an integration with our accounting software.,5,4.1.0,India,6333,Integration Request,Positive,Medium
FB-0386,2026-05-02,Survey,CUST-1055,SMB,Refunds,My refund has not arrived after ten days.,1,4.1.0,Singapore,3110,Refund Delay,Negative,High
FB-0445,2026-05-02,Survey,CUST-1224,Mid-Market,Integrations,We would like API support for transaction reconciliation.,4,4.1.0,United States,26175,Integration Request,Positive,Medium
FB-0534,2026-05-02,Feature Request,CUST-1344,SMB,Dashboard,Please allow us to customize dashboard widgets.,3,4.0.0,UAE,6706,Dashboard Usability,Neutral,Low
FB-0574,2026-05-02,Sales Note,CUST-1079,Mid-Market,General,Customer support resolved my problem quickly.,4,4.1.0,United Kingdom,60270,Positive Experience,Positive,Low
FB-0693,2026-05-02,Feature Request,CUST-1189,Mid-Market,Dashboard,Important payment information is difficult to find.,3,4.0.0,United Kingdom,74647,Dashboard Usability,Neutral,Low
FB-0719,2026-05-02,Support Ticket,CUST-1233,Free,Authentication,The OTP for login never arrives.,3,4.1.0,India,0,Login Problem,Negative,High
FB-0167,2026-05-03,Feature Request,CUST-1098,SMB,Refunds,The refund status has been pending for a week.,1,4.1.0,United Kingdom,5509,Refund Delay,Negative,High
FB-0180,2026-05-03,Survey,CUST-1219,Mid-Market,Performance,The dashboard takes too long to load.,3,4.0.0,United States,62091,Slow Application,Negative,Medium
FB-0281,2026-05-03,Support Ticket,CUST-1153,Mid-Market,General,The new dashboard is clean and helpful.,4,4.1.0,UAE,64300,Positive Experience,Positive,Low
FB-0435,2026-05-03,Support Ticket,CUST-1301,Mid-Market,Authentication,The OTP for login never arrives.,1,4.0.0,United States,23599,Login Problem,Negative,High
FB-0577,2026-05-03,Support Ticket,CUST-1248,SMB,Dashboard,The analytics screen needs clearer filters.,4,4.1.0,United States,4207,Dashboard Usability,Neutral,Low
FB-0613,2026-05-03,Feature Request,CUST-1260,Enterprise,Refunds,My refund has not arrived after ten days.,2,4.0.0,Singapore,176325,Refund Delay,Negative,High
FB-0743,2026-05-03,Sales Note,CUST-1298,SMB,Reporting,Please add an option to export invoices to Excel.,3,4.1.0,Singapore,13522,Invoice Export,Neutral,Medium
FB-0357,2026-05-04,Survey,CUST-1000,SMB,Authentication,Biometric login stopped working after the update.,2,4.0.0,India,13361,Login Problem,Negative,High
FB-0414,2026-05-04,App Store Review,CUST-1331,SMB,Reporting,We need bulk invoice downloads for accounting.,4,4.0.0,United Kingdom,11375,Invoice Export,Neutral,Medium
FB-0449,2026-05-04,Feature Request,CUST-1249,Enterprise,Integrations,Please add an integration with our accounting software.,5,4.0.0,Singapore,265652,Integration Request,Positive,Medium
FB-0483,2026-05-05,Sales Note,CUST-1036,Free,Payments,I was charged twice for the same transaction.,1,4.1.0,United States,0,Payment Failure,Negative,Critical
FB-0642,2026-05-05,Survey,CUST-1044,Free,Authentication,I cannot log in even though my password is correct.,1,4.1.0,Singapore,0,Login Problem,Negative,High
FB-0718,2026-05-05,Sales Note,CUST-1023,SMB,Dashboard,Important payment information is difficult to find.,4,4.1.0,United Kingdom,2312,Dashboard Usability,Neutral,Low
FB-0741,2026-05-05,Feature Request,CUST-1253,SMB,Reporting,We need bulk invoice downloads for accounting.,3,4.0.0,UAE,13413,Invoice Export,Neutral,Medium
FB-0093,2026-05-06,Survey,CUST-1092,SMB,Integrations,Please connect FlowPay with more CRM platforms.,5,4.1.0,India,10502,Integration Request,Positive,Medium
FB-0104,2026-05-06,App Store Review,CUST-1253,SMB,Refunds,My refund has not arrived after ten days.,1,4.1.0,UAE,8246,Refund Delay,Negative,High
FB-0149,2026-05-06,App Store Review,CUST-1154,Enterprise,Authentication,The OTP for login never arrives.,1,4.0.0,United States,89361,Login Problem,Negative,High
FB-0301,2026-05-06,Survey,CUST-1220,Mid-Market,Performance,The dashboard takes too long to load.,1,4.1.0,India,57385,Slow Application,Negative,Medium
FB-0450,2026-05-06,Survey,CUST-1265,Mid-Market,Payments,I was charged twice for the same transaction.,3,4.0.0,India,15811,Payment Failure,Negative,Critical
FB-0615,2026-05-06,Feature Request,CUST-1080,SMB,Authentication,I cannot log in even though my password is correct.,2,4.1.0,United States,7465,Login Problem,Negative,High
FB-0637,2026-05-06,App Store Review,CUST-1074,Enterprise,Integrations,A Shopify integration would simplify our workflow.,4,4.0.0,Singapore,223241,Integration Request,Positive,Medium
FB-0056,2026-05-07,App Store Review,CUST-1237,Enterprise,Performance,Transaction history freezes when I scroll.,2,4.1.0,UAE,106814,Slow Application,Negative,Medium
FB-0129,2026-05-07,Support Ticket,CUST-1283,SMB,Integrations,A Shopify integration would simplify our workflow.,4,4.0.0,United Kingdom,4063,Integration Request,Positive,Medium
FB-0179,2026-05-07,Support Ticket,CUST-1056,Mid-Market,Authentication,Biometric login stopped working after the update.,3,4.1.0,UAE,55817,Login Problem,Negative,High
FB-0331,2026-05-07,Feature Request,CUST-1335,SMB,Reporting,Please add an option to export invoices to Excel.,4,4.0.0,India,13459,Invoice Export,Neutral,Medium
FB-0369,2026-05-07,Feature Request,CUST-1015,Mid-Market,Authentication,Biometric login stopped working after the update.,2,4.1.0,United Kingdom,68850,Login Problem,Negative,High
FB-0391,2026-05-07,Sales Note,CUST-1276,SMB,Payments,Checkout keeps loading and the payment never completes.,2,4.1.0,United States,5112,Payment Failure,Negative,Critical
FB-0453,2026-05-07,App Store Review,CUST-1040,Mid-Market,Reporting,Invoice export would save our finance team several hours.,3,4.1.0,UAE,39815,Invoice Export,Neutral,Medium
FB-0475,2026-05-07,Feature Request,CUST-1293,Mid-Market,Integrations,We would like API support for transaction reconciliation.,4,4.1.0,United States,70257,Integration Request,Positive,Medium
FB-0397,2026-05-08,Survey,CUST-1277,Mid-Market,Authentication,Biometric login stopped working after the update.,3,4.0.0,United Kingdom,21338,Login Problem,Negative,High
FB-0569,2026-05-08,App Store Review,CUST-1098,SMB,Refunds,I cannot see when my refund will be processed.,2,4.1.0,India,10899,Refund Delay,Negative,High
FB-0646,2026-05-08,Feature Request,CUST-1309,Mid-Market,Payments,Checkout keeps loading and the payment never completes.,2,4.0.0,UAE,56221,Payment Failure,Negative,Critical
FB-0691,2026-05-08,Survey,CUST-1319,Mid-Market,Performance,The dashboard takes too long to load.,2,4.0.0,Singapore,52543,Slow Application,Negative,Medium
FB-0011,2026-05-09,App Store Review,CUST-1335,Enterprise,Authentication,Biometric login stopped working after the update.,2,4.1.0,Singapore,263197,Login Problem,Negative,High
FB-0145,2026-05-09,Sales Note,CUST-1110,Mid-Market,Authentication,Biometric login stopped working after the update.,2,4.0.0,Singapore,17010,Login Problem,Negative,High
FB-0193,2026-05-09,Sales Note,CUST-1016,Mid-Market,Authentication,The OTP for login never arrives.,2,4.1.0,United States,38734,Login Problem,Negative,High
FB-0368,2026-05-09,Support Ticket,CUST-1169,Mid-Market,Authentication,I cannot log in even though my password is correct.,1,4.0.0,Singapore,68039,Login Problem,Negative,High
FB-0627,2026-05-09,Survey,CUST-1234,Enterprise,Authentication,The OTP for login never arrives.,2,4.1.0,Singapore,190156,Login Problem,Negative,High
FB-0059,2026-05-10,Sales Note,CUST-1041,SMB,Dashboard,Important payment information is difficult to find.,3,4.1.0,United Kingdom,7502,Dashboard Usability,Neutral,Low
FB-0084,2026-05-10,Sales Note,CUST-1155,Mid-Market,Performance,The dashboard takes too long to load.,1,4.0.0,India,24944,Slow Application,Negative,Medium
FB-0090,2026-05-10,Feature Request,CUST-1063,Mid-Market,Payments,The app crashed while I was paying by card.,2,4.1.0,Singapore,53997,Payment Failure,Negative,Critical
FB-0113,2026-05-10,Feature Request,CUST-1128,SMB,Reporting,Invoice export would save our finance team several hours.,3,4.1.0,United Kingdom,11626,Invoice Export,Neutral,Medium
FB-0159,2026-05-10,Survey,CUST-1039,SMB,Refunds,My refund has not arrived after ten days.,3,4.1.0,UAE,2932,Refund Delay,Negative,High
FB-0168,2026-05-10,Survey,CUST-1316,Mid-Market,Refunds,The refund status has been pending for a week.,3,4.0.0,Singapore,48272,Refund Delay,Negative,High
FB-0209,2026-05-10,Feature Request,CUST-1104,SMB,Dashboard,Please allow us to customize dashboard widgets.,4,4.1.0,United Kingdom,8809,Dashboard Usability,Neutral,Low
FB-0362,2026-05-10,App Store Review,CUST-1054,Free,General,The new dashboard is clean and helpful.,5,4.0.0,Singapore,0,Positive Experience,Positive,Low
FB-0683,2026-05-10,Feature Request,CUST-1069,Free,Performance,The dashboard takes too long to load.,1,4.1.0,Singapore,0,Slow Application,Negative,Medium
FB-0709,2026-05-10,Feature Request,CUST-1076,SMB,Performance,The dashboard takes too long to load.,1,4.0.0,Singapore,9305,Slow Application,Negative,Medium
FB-0019,2026-05-11,App Store Review,CUST-1337,Mid-Market,Dashboard,The analytics screen needs clearer filters.,4,4.0.0,United Kingdom,64847,Dashboard Usability,Neutral,Low
FB-0190,2026-05-11,App Store Review,CUST-1227,SMB,Refunds,I cannot see when my refund will be processed.,2,4.1.0,India,9305,Refund Delay,Negative,High
FB-0344,2026-05-11,Feature Request,CUST-1300,SMB,Reporting,Please add an option to export invoices to Excel.,3,4.1.0,Singapore,4545,Invoice Export,Neutral,Medium
FB-0401,2026-05-11,Sales Note,CUST-1132,SMB,General,Customer support resolved my problem quickly.,4,4.0.0,India,12276,Positive Experience,Positive,Low
FB-0688,2026-05-11,Support Ticket,CUST-1350,Mid-Market,Performance,Transaction history freezes when I scroll.,3,4.1.0,India,31072,Slow Application,Negative,Medium
FB-0692,2026-05-11,Survey,CUST-1067,Free,Authentication,The app keeps signing me out.,2,4.1.0,United States,0,Login Problem,Negative,High
FB-0027,2026-05-12,Feature Request,CUST-1246,Enterprise,General,The new dashboard is clean and helpful.,5,4.1.0,India,118598,Positive Experience,Positive,Low
FB-0118,2026-05-12,App Store Review,CUST-1067,SMB,General,Customer support resolved my problem quickly.,5,4.0.0,United Kingdom,8807,Positive Experience,Positive,Low
FB-0288,2026-05-12,Support Ticket,CUST-1013,SMB,Authentication,I cannot log in even though my password is correct.,2,4.1.0,UAE,11088,Login Problem,Negative,High
FB-0289,2026-05-12,Support Ticket,CUST-1149,Mid-Market,Performance,The latest version feels slower than the previous one.,2,4.1.0,India,71605,Slow Application,Negative,Medium
FB-0355,2026-05-12,Survey,CUST-1288,Free,Performance,Transaction history freezes when I scroll.,3,4.0.0,United Kingdom,0,Slow Application,Negative,Medium
FB-0364,2026-05-12,App Store Review,CUST-1167,Mid-Market,Authentication,The OTP for login never arrives.,1,4.0.0,United Kingdom,69159,Login Problem,Negative,High
FB-0393,2026-05-12,App Store Review,CUST-1049,Mid-Market,Refunds,My refund has not arrived after ten days.,1,4.1.0,United Kingdom,54336,Refund Delay,Negative,High
FB-0703,2026-05-12,Sales Note,CUST-1326,Mid-Market,Payments,My payment failed after I entered the OTP.,1,4.0.0,India,73588,Payment Failure,Negative,Critical
FB-0024,2026-05-13,Support Ticket,CUST-1344,SMB,Dashboard,The dashboard navigation is confusing.,3,4.1.0,Singapore,8735,Dashboard Usability,Neutral,Low
FB-0542,2026-05-13,Sales Note,CUST-1134,Mid-Market,Refunds,The refund status has been pending for a week.,2,4.0.0,Singapore,32020,Refund Delay,Negative,High
FB-0547,2026-05-13,Feature Request,CUST-1322,Free,Dashboard,The dashboard navigation is confusing.,3,4.1.0,United States,0,Dashboard Usability,Neutral,Low
FB-0668,2026-05-13,Feature Request,CUST-1118,Mid-Market,Reporting,We need bulk invoice downloads for accounting.,3,4.1.0,UAE,61545,Invoice Export,Neutral,Medium
FB-0675,2026-05-13,Sales Note,CUST-1055,SMB,Integrations,Please connect FlowPay with more CRM platforms.,5,4.0.0,Singapore,8648,Integration Request,Positive,Medium
FB-0699,2026-05-13,Sales Note,CUST-1333,Mid-Market,General,Customer support resolved my problem quickly.,5,4.1.0,United States,70329,Positive Experience,Positive,Low
FB-0069,2026-05-14,Feature Request,CUST-1101,Enterprise,Performance,The dashboard takes too long to load.,3,4.1.0,United Kingdom,225942,Slow Application,Negative,Medium
FB-0070,2026-05-14,Sales Note,CUST-1021,SMB,Dashboard,Please allow us to customize dashboard widgets.,4,4.0.0,Singapore,13210,Dashboard Usability,Neutral,Low
FB-0232,2026-05-14,Sales Note,CUST-1115,Mid-Market,Performance,The mobile application has become very slow.,1,4.0.0,India,30890,Slow Application,Negative,Medium
FB-0460,2026-05-14,Feature Request,CUST-1234,Free,Dashboard,Important payment information is difficult to find.,3,4.0.0,India,0,Dashboard Usability,Neutral,Low
FB-0462,2026-05-14,Sales Note,CUST-1196,Mid-Market,Reporting,Invoice export would save our finance team several hours.,4,4.1.0,United Kingdom,72849,Invoice Export,Neutral,Medium
FB-0486,2026-05-14,Survey,CUST-1224,Mid-Market,Refunds,Support confirmed a refund but I have not received it.,2,4.0.0,India,54752,Refund Delay,Negative,High
FB-0555,2026-05-14,Support Ticket,CUST-1203,Enterprise,Payments,I was charged twice for the same transaction.,1,4.0.0,India,199043,Payment Failure,Negative,Critical
FB-0666,2026-05-14,App Store Review,CUST-1305,Free,Reporting,Invoice export would save our finance team several hours.,4,4.1.0,United States,0,Invoice Export,Neutral,Medium
FB-0671,2026-05-14,Sales Note,CUST-1332,Mid-Market,Reporting,Please add an option to export invoices to Excel.,3,4.1.0,UAE,22012,Invoice Export,Neutral,Medium
FB-0036,2026-05-15,Survey,CUST-1309,Mid-Market,General,The new dashboard is clean and helpful.,5,4.1.0,United Kingdom,25188,Positive Experience,Positive,Low
FB-0131,2026-05-15,Survey,CUST-1121,Free,Dashboard,Please allow us to customize dashboard widgets.,3,4.0.0,United Kingdom,0,Dashboard Usability,Neutral,Low
FB-0296,2026-05-15,Sales Note,CUST-1013,SMB,General,The application is easy to use and reliable.,4,4.0.0,Singapore,10939,Positive Experience,Positive,Low
FB-0304,2026-05-15,Survey,CUST-1233,Mid-Market,Integrations,A Shopify integration would simplify our workflow.,5,4.1.0,United States,37829,Integration Request,Positive,Medium
FB-0457,2026-05-15,Survey,CUST-1324,Mid-Market,Payments,Checkout keeps loading and the payment never completes.,3,4.1.0,UAE,15144,Payment Failure,Negative,Critical
FB-0633,2026-05-15,Feature Request,CUST-1211,Mid-Market,Authentication,The app keeps signing me out.,2,4.0.0,India,73611,Login Problem,Negative,High
FB-0656,2026-05-15,Support Ticket,CUST-1139,Mid-Market,Integrations,Please connect FlowPay with more CRM platforms.,4,4.1.0,Singapore,61221,Integration Request,Positive,Medium
FB-0031,2026-05-16,Sales Note,CUST-1041,Mid-Market,General,The application is easy to use and reliable.,5,4.0.0,United States,52941,Positive Experience,Positive,Low
FB-0312,2026-05-16,App Store Review,CUST-1261,Free,Authentication,Biometric login stopped working after the update.,2,4.1.0,UAE,0,Login Problem,Negative,High
FB-0329,2026-05-16,Feature Request,CUST-1103,SMB,General,The new dashboard is clean and helpful.,5,4.0.0,United Kingdom,9479,Positive Experience,Positive,Low
FB-0541,2026-05-16,Support Ticket,CUST-1345,SMB,Dashboard,Important payment information is difficult to find.,3,4.0.0,UAE,13292,Dashboard Usability,Neutral,Low
FB-0570,2026-05-16,App Store Review,CUST-1017,Mid-Market,General,The new dashboard is clean and helpful.,5,4.1.0,India,40219,Positive Experience,Positive,Low
FB-0712,2026-05-16,Survey,CUST-1205,Enterprise,Performance,The dashboard takes too long to load.,1,4.1.0,United States,169089,Slow Application,Negative,Medium
FB-0367,2026-05-17,Sales Note,CUST-1300,SMB,Authentication,The app keeps signing me out.,1,4.0.0,India,13244,Login Problem,Negative,High
FB-0430,2026-05-17,Feature Request,CUST-1196,Mid-Market,Performance,The dashboard takes too long to load.,1,4.1.0,UAE,41437,Slow Application,Negative,Medium
FB-0540,2026-05-17,Sales Note,CUST-1177,Mid-Market,Payments,The app crashed while I was paying by card.,1,4.0.0,Singapore,46348,Payment Failure,Negative,Critical
FB-0013,2026-05-18,Support Ticket,CUST-1078,Free,Reporting,We need bulk invoice downloads for accounting.,4,4.0.0,Singapore,0,Invoice Export,Neutral,Medium
FB-0184,2026-05-18,Feature Request,CUST-1245,SMB,Payments,The amount was deducted but the order was not confirmed.,1,4.0.0,India,12531,Payment Failure,Negative,Critical
FB-0291,2026-05-18,App Store Review,CUST-1222,SMB,Refunds,I cannot see when my refund will be processed.,2,4.0.0,United States,4390,Refund Delay,Negative,High
FB-0293,2026-05-18,Survey,CUST-1225,Enterprise,Refunds,I cannot see when my refund will be processed.,2,4.1.0,UAE,162089,Refund Delay,Negative,High
FB-0294,2026-05-18,Feature Request,CUST-1160,Mid-Market,Refunds,The refund status has been pending for a week.,2,4.0.0,United States,60567,Refund Delay,Negative,High
FB-0313,2026-05-18,Sales Note,CUST-1085,SMB,Performance,The latest version feels slower than the previous one.,2,4.0.0,United Kingdom,9973,Slow Application,Negative,Medium
FB-0323,2026-05-18,App Store Review,CUST-1067,Mid-Market,General,The new dashboard is clean and helpful.,4,4.1.0,United States,18886,Positive Experience,Positive,Low
FB-0337,2026-05-18,Feature Request,CUST-1161,Mid-Market,Dashboard,Important payment information is difficult to find.,3,4.1.0,United States,40168,Dashboard Usability,Neutral,Low
FB-0517,2026-05-18,Survey,CUST-1306,Mid-Market,Refunds,Support confirmed a refund but I have not received it.,2,4.0.0,United Kingdom,74644,Refund Delay,Negative,High
FB-0546,2026-05-18,Feature Request,CUST-1153,Enterprise,General,Customer support resolved my problem quickly.,4,4.1.0,Singapore,210531,Positive Experience,Positive,Low
FB-0715,2026-05-18,Feature Request,CUST-1199,Free,Payments,My payment failed after I entered the OTP.,3,4.0.0,United States,0,Payment Failure,Negative,Critical
FB-0012,2026-05-19,Sales Note,CUST-1219,SMB,Refunds,Support confirmed a refund but I have not received it.,2,4.1.0,United Kingdom,11197,Refund Delay,Negative,High
FB-0112,2026-05-19,Support Ticket,CUST-1238,Mid-Market,Authentication,The app keeps signing me out.,3,4.1.0,United Kingdom,45119,Login Problem,Negative,High
FB-0156,2026-05-19,App Store Review,CUST-1321,SMB,Refunds,Support confirmed a refund but I have not received it.,2,4.0.0,UAE,4504,Refund Delay,Negative,High
FB-0377,2026-05-19,App Store Review,CUST-1251,SMB,Performance,The dashboard takes too long to load.,1,4.1.0,India,10064,Slow Application,Negative,Medium
FB-0400,2026-05-19,App Store Review,CUST-1098,Mid-Market,Authentication,The OTP for login never arrives.,1,4.0.0,Singapore,26330,Login Problem,Negative,High
FB-0468,2026-05-19,Sales Note,CUST-1016,Mid-Market,Integrations,We would like API support for transaction reconciliation.,5,4.0.0,India,34343,Integration Request,Positive,Medium
FB-0698,2026-05-19,Feature Request,CUST-1347,SMB,Performance,Transaction history freezes when I scroll.,3,4.1.0,India,6731,Slow Application,Negative,Medium
FB-0158,2026-05-20,Survey,CUST-1302,SMB,Reporting,Please add an option to export invoices to Excel.,3,4.1.0,UAE,12344,Invoice Export,Neutral,Medium
FB-0169,2026-05-20,Feature Request,CUST-1022,Enterprise,Authentication,Biometric login stopped working after the update.,2,4.0.0,United Kingdom,277139,Login Problem,Negative,High
FB-0246,2026-05-20,App Store Review,CUST-1298,Enterprise,Authentication,Biometric login stopped working after the update.,1,4.0.0,UAE,190826,Login Problem,Negative,High
FB-0494,2026-05-20,App Store Review,CUST-1002,SMB,Performance,Transaction history freezes when I scroll.,1,4.1.0,United Kingdom,7182,Slow Application,Negative,Medium
FB-0655,2026-05-20,Sales Note,CUST-1084,Free,Refunds,Support confirmed a refund but I have not received it.,1,4.1.0,UAE,0,Refund Delay,Negative,High
FB-0659,2026-05-20,Survey,CUST-1073,Enterprise,Authentication,I cannot log in even though my password is correct.,3,4.1.0,United Kingdom,267006,Login Problem,Negative,High
FB-0307,2026-05-21,Feature Request,CUST-1322,SMB,Refunds,The refund status has been pending for a week.,1,4.0.0,Singapore,9570,Refund Delay,Negative,High
FB-0347,2026-05-21,App Store Review,CUST-1190,SMB,Reporting,We need bulk invoice downloads for accounting.,4,4.1.0,United States,10474,Invoice Export,Neutral,Medium
FB-0474,2026-05-21,App Store Review,CUST-1020,SMB,Performance,The mobile application has become very slow.,2,4.1.0,UAE,7415,Slow Application,Negative,Medium
FB-0575,2026-05-21,Support Ticket,CUST-1182,Mid-Market,Reporting,We need bulk invoice downloads for accounting.,4,4.0.0,UAE,37179,Invoice Export,Neutral,Medium
FB-0579,2026-05-21,Sales Note,CUST-1187,SMB,Payments,The app crashed while I was paying by card.,1,4.1.0,UAE,6844,Payment Failure,Negative,Critical
FB-0626,2026-05-21,Survey,CUST-1211,Free,Authentication,The OTP for login never arrives.,1,4.0.0,United Kingdom,0,Login Problem,Negative,High
FB-0028,2026-05-22,Survey,CUST-1216,Enterprise,Refunds,Support confirmed a refund but I have not received it.,1,4.1.0,United Kingdom,144522,Refund Delay,Negative,High
FB-0665,2026-05-22,Support Ticket,CUST-1066,Mid-Market,Payments,My payment failed after I entered the OTP.,2,4.1.0,India,37200,Payment Failure,Negative,Critical
FB-0046,2026-05-23,Sales Note,CUST-1222,Enterprise,Performance,Transaction history freezes when I scroll.,2,4.0.0,Singapore,85029,Slow Application,Negative,Medium
FB-0239,2026-05-23,Sales Note,CUST-1167,Mid-Market,Performance,The dashboard takes too long to load.,2,4.1.0,India,41575,Slow Application,Negative,Medium
FB-0354,2026-05-23,Support Ticket,CUST-1238,SMB,Authentication,The app keeps signing me out.,2,4.1.0,United States,2752,Login Problem,Negative,High
FB-0376,2026-05-23,Sales Note,CUST-1014,SMB,Authentication,The app keeps signing me out.,3,4.1.0,UAE,14093,Login Problem,Negative,High
FB-0583,2026-05-23,Support Ticket,CUST-1016,SMB,Integrations,Please connect FlowPay with more CRM platforms.,5,4.0.0,UAE,9952,Integration Request,Positive,Medium
FB-0634,2026-05-23,Support Ticket,CUST-1128,Enterprise,Reporting,Can you support PDF and CSV invoice exports?,4,4.1.0,United Kingdom,127936,Invoice Export,Neutral,Medium
FB-0643,2026-05-23,Feature Request,CUST-1296,SMB,Authentication,The app keeps signing me out.,1,4.0.0,India,12828,Login Problem,Negative,High
FB-0707,2026-05-23,App Store Review,CUST-1330,SMB,Reporting,Invoice export would save our finance team several hours.,3,4.1.0,United Kingdom,5287,Invoice Export,Neutral,Medium
FB-0065,2026-05-24,Survey,CUST-1172,SMB,Payments,The app crashed while I was paying by card.,2,4.1.0,Singapore,5467,Payment Failure,Negative,Critical
FB-0236,2026-05-24,Support Ticket,CUST-1152,Enterprise,General,FlowPay makes payment tracking much easier.,5,4.0.0,United States,150883,Positive Experience,Positive,Low
FB-0240,2026-05-24,Survey,CUST-1196,SMB,General,The new dashboard is clean and helpful.,5,4.0.0,United States,6064,Positive Experience,Positive,Low
FB-0314,2026-05-24,Support Ticket,CUST-1248,SMB,Refunds,The refund status has been pending for a week.,1,4.1.0,Singapore,2878,Refund Delay,Negative,High
FB-0384,2026-05-24,Sales Note,CUST-1053,Enterprise,Performance,The latest version feels slower than the previous one.,1,4.0.0,United States,235270,Slow Application,Negative,Medium
FB-0473,2026-05-24,Support Ticket,CUST-1219,Mid-Market,General,Customer support resolved my problem quickly.,5,4.1.0,United Kingdom,22822,Positive Experience,Positive,Low
FB-0491,2026-05-24,Sales Note,CUST-1037,Mid-Market,Dashboard,Please allow us to customize dashboard widgets.,4,4.1.0,India,18565,Dashboard Usability,Neutral,Low
FB-0507,2026-05-24,App Store Review,CUST-1212,Mid-Market,Authentication,The app keeps signing me out.,1,4.0.0,Singapore,68540,Login Problem,Negative,High
FB-0588,2026-05-25,Sales Note,CUST-1285,Mid-Market,Authentication,Biometric login stopped working after the update.,1,4.0.0,UAE,52358,Login Problem,Negative,High
FB-0729,2026-05-25,Feature Request,CUST-1090,Free,Payments,The amount was deducted but the order was not confirmed.,1,4.1.0,India,0,Payment Failure,Negative,Critical
FB-0310,2026-05-26,Sales Note,CUST-1198,SMB,Reporting,Invoice export would save our finance team several hours.,4,4.1.0,India,10019,Invoice Export,Neutral,Medium
FB-0431,2026-05-26,Support Ticket,CUST-1346,Enterprise,Dashboard,The dashboard navigation is confusing.,4,4.0.0,United Kingdom,159467,Dashboard Usability,Neutral,Low
FB-0604,2026-05-26,App Store Review,CUST-1036,Enterprise,Performance,Transaction history freezes when I scroll.,2,4.0.0,United States,212429,Slow Application,Negative,Medium
FB-0032,2026-05-27,App Store Review,CUST-1343,SMB,Dashboard,Please allow us to customize dashboard widgets.,3,4.1.0,United States,6351,Dashboard Usability,Neutral,Low
FB-0061,2026-05-27,Sales Note,CUST-1194,SMB,Integrations,Please connect FlowPay with more CRM platforms.,4,4.0.0,United States,14612,Integration Request,Positive,Medium
FB-0264,2026-05-27,App Store Review,CUST-1060,SMB,Integrations,Please connect FlowPay with more CRM platforms.,4,4.0.0,UAE,2251,Integration Request,Positive,Medium
FB-0309,2026-05-27,Sales Note,CUST-1052,Mid-Market,Refunds,The refund status has been pending for a week.,2,4.0.0,United States,67168,Refund Delay,Negative,High
FB-0358,2026-05-27,App Store Review,CUST-1143,SMB,Performance,The dashboard takes too long to load.,1,4.0.0,United Kingdom,10061,Slow Application,Negative,Medium
FB-0482,2026-05-27,Support Ticket,CUST-1078,Mid-Market,Performance,The dashboard takes too long to load.,2,4.1.0,United States,63587,Slow Application,Negative,Medium
FB-0660,2026-05-27,Support Ticket,CUST-1159,SMB,Dashboard,The dashboard navigation is confusing.,4,4.0.0,UAE,13692,Dashboard Usability,Neutral,Low
FB-0034,2026-05-28,Support Ticket,CUST-1125,Free,Reporting,Can you support PDF and CSV invoice exports?,3,4.1.0,United Kingdom,0,Invoice Export,Neutral,Medium
FB-0148,2026-05-28,Support Ticket,CUST-1145,Free,Dashboard,The analytics screen needs clearer filters.,4,4.1.0,United States,0,Dashboard Usability,Neutral,Low
FB-0342,2026-05-28,Sales Note,CUST-1146,Free,Payments,I was charged twice for the same transaction.,2,4.1.0,Singapore,0,Payment Failure,Negative,Critical
FB-0409,2026-05-28,Support Ticket,CUST-1263,SMB,General,The new dashboard is clean and helpful.,4,4.1.0,United States,9937,Positive Experience,Positive,Low
FB-0417,2026-05-28,Sales Note,CUST-1052,Mid-Market,Reporting,Please add an option to export invoices to Excel.,4,4.1.0,United States,69023,Invoice Export,Neutral,Medium
FB-0511,2026-05-28,App Store Review,CUST-1210,Enterprise,Reporting,We need bulk invoice downloads for accounting.,4,4.0.0,United Kingdom,201267,Invoice Export,Neutral,Medium
FB-0568,2026-05-28,Feature Request,CUST-1016,SMB,Refunds,I cannot see when my refund will be processed.,1,4.1.0,United Kingdom,10165,Refund Delay,Negative,High
FB-0010,2026-05-29,App Store Review,CUST-1016,Enterprise,Dashboard,Please allow us to customize dashboard widgets.,3,4.0.0,United States,278424,Dashboard Usability,Neutral,Low
FB-0416,2026-05-29,Feature Request,CUST-1192,Mid-Market,Refunds,I cannot see when my refund will be processed.,2,4.1.0,United States,35019,Refund Delay,Negative,High
FB-0425,2026-05-29,Survey,CUST-1133,SMB,Dashboard,Please allow us to customize dashboard widgets.,3,4.1.0,India,14912,Dashboard Usability,Neutral,Low
FB-0432,2026-05-29,Feature Request,CUST-1257,SMB,Dashboard,Please allow us to customize dashboard widgets.,3,4.0.0,India,4112,Dashboard Usability,Neutral,Low
FB-0477,2026-05-29,Survey,CUST-1111,Mid-Market,General,The application is easy to use and reliable.,4,4.1.0,India,36697,Positive Experience,Positive,Low
FB-0737,2026-05-29,Sales Note,CUST-1283,Mid-Market,General,The new dashboard is clean and helpful.,4,4.0.0,Singapore,66744,Positive Experience,Positive,Low
FB-0235,2026-05-30,Feature Request,CUST-1090,Mid-Market,Performance,The dashboard takes too long to load.,2,4.0.0,Singapore,17445,Slow Application,Negative,Medium
FB-0256,2026-05-30,App Store Review,CUST-1257,Mid-Market,Performance,Transaction history freezes when I scroll.,1,4.0.0,UAE,65861,Slow Application,Negative,Medium
FB-0285,2026-05-30,Sales Note,CUST-1338,Enterprise,Refunds,Support confirmed a refund but I have not received it.,1,4.0.0,UAE,188207,Refund Delay,Negative,High
FB-0378,2026-05-30,Support Ticket,CUST-1169,Free,Performance,The mobile application has become very slow.,1,4.1.0,United States,0,Slow Application,Negative,Medium
FB-0502,2026-05-30,Sales Note,CUST-1184,SMB,Payments,The app crashed while I was paying by card.,2,4.0.0,Singapore,2701,Payment Failure,Negative,Critical
FB-0562,2026-05-30,Sales Note,CUST-1223,SMB,Integrations,Please connect FlowPay with more CRM platforms.,4,4.1.0,United Kingdom,5089,Integration Request,Positive,Medium
FB-0181,2026-05-31,Sales Note,CUST-1184,SMB,Performance,The dashboard takes too long to load.,3,4.0.0,UAE,12948,Slow Application,Negative,Medium
FB-0298,2026-05-31,Support Ticket,CUST-1229,SMB,Refunds,Support confirmed a refund but I have not received it.,3,4.1.0,Singapore,8932,Refund Delay,Negative,High
FB-0340,2026-05-31,Survey,CUST-1162,Mid-Market,Reporting,We need bulk invoice downloads for accounting.,3,4.0.0,UAE,49622,Invoice Export,Neutral,Medium
FB-0361,2026-05-31,Survey,CUST-1162,Enterprise,Refunds,Support confirmed a refund but I have not received it.,2,4.1.0,United Kingdom,284930,Refund Delay,Negative,High
FB-0392,2026-05-31,App Store Review,CUST-1027,SMB,Payments,Checkout keeps loading and the payment never completes.,1,4.1.0,Singapore,11005,Payment Failure,Negative,Critical
FB-0640,2026-05-31,Feature Request,CUST-1040,Mid-Market,Authentication,I cannot log in even though my password is correct.,1,4.1.0,UAE,44737,Login Problem,Negative,High
FB-0055,2026-06-01,Feature Request,CUST-1112,Mid-Market,Authentication,The OTP for login never arrives.,3,4.0.0,Singapore,73502,Login Problem,Negative,High
FB-0195,2026-06-01,Feature Request,CUST-1265,Free,General,The application is easy to use and reliable.,4,4.0.0,United States,0,Positive Experience,Positive,Low
FB-0212,2026-06-01,Sales Note,CUST-1160,Enterprise,General,The new dashboard is clean and helpful.,4,4.1.0,Singapore,288249,Positive Experience,Positive,Low
FB-0372,2026-06-01,Feature Request,CUST-1183,Mid-Market,Performance,The latest version feels slower than the previous one.,3,4.0.0,Singapore,67092,Slow Application,Negative,Medium
FB-0375,2026-06-01,App Store Review,CUST-1294,SMB,Dashboard,The analytics screen needs clearer filters.,3,4.0.0,United Kingdom,14963,Dashboard Usability,Neutral,Low
FB-0066,2026-06-02,Survey,CUST-1114,SMB,Integrations,Please add an integration with our accounting software.,4,4.0.0,India,14272,Integration Request,Positive,Medium
FB-0119,2026-06-02,Survey,CUST-1058,Enterprise,General,The application is easy to use and reliable.,4,4.1.0,United Kingdom,286417,Positive Experience,Positive,Low
FB-0178,2026-06-02,Support Ticket,CUST-1147,Free,Authentication,The OTP for login never arrives.,2,4.1.0,India,0,Login Problem,Negative,High
FB-0492,2026-06-02,Survey,CUST-1065,Mid-Market,Payments,The amount was deducted but the order was not confirmed.,1,4.1.0,United States,46929,Payment Failure,Negative,Critical
FB-0705,2026-06-02,Survey,CUST-1218,Mid-Market,Refunds,I cannot see when my refund will be processed.,2,4.1.0,United Kingdom,19963,Refund Delay,Negative,High
FB-0020,2026-06-03,Survey,CUST-1204,Mid-Market,Performance,Transaction history freezes when I scroll.,2,4.0.0,UAE,28881,Slow Application,Negative,Medium
FB-0087,2026-06-03,App Store Review,CUST-1001,SMB,Dashboard,The analytics screen needs clearer filters.,3,4.0.0,UAE,4847,Dashboard Usability,Neutral,Low
FB-0132,2026-06-03,Support Ticket,CUST-1243,Mid-Market,Payments,The app crashed while I was paying by card.,2,4.0.0,UAE,49478,Payment Failure,Negative,Critical
FB-0302,2026-06-03,Feature Request,CUST-1191,Mid-Market,Authentication,Biometric login stopped working after the update.,2,4.0.0,UAE,51569,Login Problem,Negative,High
FB-0533,2026-06-03,Survey,CUST-1211,Mid-Market,Payments,Checkout keeps loading and the payment never completes.,3,4.0.0,UAE,29443,Payment Failure,Negative,Critical
FB-0548,2026-06-03,Survey,CUST-1010,Mid-Market,Refunds,Support confirmed a refund but I have not received it.,1,4.1.0,United States,68086,Refund Delay,Negative,High
FB-0556,2026-06-03,Survey,CUST-1117,Free,Performance,The mobile application has become very slow.,2,4.1.0,Singapore,0,Slow Application,Negative,Medium
FB-0669,2026-06-03,Survey,CUST-1232,SMB,General,The application is easy to use and reliable.,4,4.1.0,India,13462,Positive Experience,Positive,Low
FB-0043,2026-06-04,Feature Request,CUST-1113,Mid-Market,Authentication,The OTP for login never arrives.,2,4.0.0,United States,40071,Login Problem,Negative,High
FB-0063,2026-06-04,Feature Request,CUST-1084,Free,Reporting,Invoice export would save our finance team several hours.,3,4.1.0,UAE,0,Invoice Export,Neutral,Medium
FB-0079,2026-06-04,Survey,CUST-1061,SMB,Refunds,The refund status has been pending for a week.,1,4.0.0,United Kingdom,13817,Refund Delay,Negative,High
FB-0102,2026-06-04,App Store Review,CUST-1228,SMB,Integrations,Please connect FlowPay with more CRM platforms.,5,4.1.0,United States,6891,Integration Request,Positive,Medium
FB-0144,2026-06-04,Support Ticket,CUST-1092,SMB,Dashboard,Important payment information is difficult to find.,4,4.1.0,Singapore,7567,Dashboard Usability,Neutral,Low
FB-0189,2026-06-04,Sales Note,CUST-1092,Mid-Market,Integrations,We would like API support for transaction reconciliation.,5,4.1.0,India,20173,Integration Request,Positive,Medium
FB-0276,2026-06-04,Feature Request,CUST-1289,Free,Integrations,A Shopify integration would simplify our workflow.,4,4.1.0,United States,0,Integration Request,Positive,Medium
FB-0318,2026-06-04,Feature Request,CUST-1279,Mid-Market,Integrations,A Shopify integration would simplify our workflow.,5,4.0.0,India,39043,Integration Request,Positive,Medium
FB-0415,2026-06-04,Feature Request,CUST-1067,SMB,Dashboard,Important payment information is difficult to find.,4,4.0.0,India,14784,Dashboard Usability,Neutral,Low
FB-0566,2026-06-04,App Store Review,CUST-1025,SMB,Dashboard,The dashboard navigation is confusing.,3,4.0.0,India,7253,Dashboard Usability,Neutral,Low
FB-0612,2026-06-04,Feature Request,CUST-1338,Mid-Market,Payments,Checkout keeps loading and the payment never completes.,2,4.0.0,India,15547,Payment Failure,Negative,Critical
FB-0700,2026-06-04,Feature Request,CUST-1345,SMB,Integrations,A Shopify integration would simplify our workflow.,4,4.1.0,UAE,11571,Integration Request,Positive,Medium
FB-0710,2026-06-04,Sales Note,CUST-1251,SMB,Authentication,Biometric login stopped working after the update.,2,4.0.0,Singapore,8411,Login Problem,Negative,High
FB-0023,2026-06-05,App Store Review,CUST-1242,SMB,Dashboard,The analytics screen needs clearer filters.,3,4.1.0,India,4167,Dashboard Usability,Neutral,Low
FB-0128,2026-06-05,Support Ticket,CUST-1339,Free,Authentication,The OTP for login never arrives.,3,4.1.0,India,0,Login Problem,Negative,High
FB-0136,2026-06-05,Feature Request,CUST-1305,Mid-Market,Performance,Transaction history freezes when I scroll.,2,4.1.0,UAE,61672,Slow Application,Negative,Medium
FB-0228,2026-06-05,App Store Review,CUST-1250,SMB,Performance,Transaction history freezes when I scroll.,2,4.1.0,United States,6876,Slow Application,Negative,Medium
FB-0412,2026-06-05,Support Ticket,CUST-1123,SMB,Refunds,I cannot see when my refund will be processed.,2,4.0.0,UAE,8503,Refund Delay,Negative,High
FB-0463,2026-06-05,App Store Review,CUST-1070,SMB,Reporting,Invoice export would save our finance team several hours.,4,4.1.0,UAE,6819,Invoice Export,Neutral,Medium
FB-0528,2026-06-05,Sales Note,CUST-1102,SMB,Integrations,Please add an integration with our accounting software.,4,4.1.0,India,8474,Integration Request,Positive,Medium
FB-0641,2026-06-05,Support Ticket,CUST-1094,Mid-Market,Performance,The mobile application has become very slow.,1,4.0.0,United States,69084,Slow Application,Negative,Medium
FB-0567,2026-06-06,App Store Review,CUST-1046,Mid-Market,Refunds,The refund status has been pending for a week.,1,4.0.0,Singapore,62652,Refund Delay,Negative,High
FB-0582,2026-06-06,Sales Note,CUST-1337,Mid-Market,Refunds,My refund has not arrived after ten days.,1,4.0.0,United Kingdom,22240,Refund Delay,Negative,High
FB-0029,2026-06-07,Survey,CUST-1029,Free,Authentication,I cannot log in even though my password is correct.,3,4.0.0,Singapore,0,Login Problem,Negative,High
FB-0081,2026-06-07,Survey,CUST-1023,SMB,Authentication,I cannot log in even though my password is correct.,3,4.0.0,United States,2231,Login Problem,Negative,High
FB-0150,2026-06-07,App Store Review,CUST-1066,Free,Refunds,Support confirmed a refund but I have not received it.,3,4.1.0,United Kingdom,0,Refund Delay,Negative,High
FB-0286,2026-06-07,App Store Review,CUST-1194,Mid-Market,Integrations,A Shopify integration would simplify our workflow.,5,4.1.0,United States,20377,Integration Request,Positive,Medium
FB-0295,2026-06-07,Survey,CUST-1192,Mid-Market,Dashboard,Please allow us to customize dashboard widgets.,3,4.0.0,United States,52741,Dashboard Usability,Neutral,Low
FB-0389,2026-06-07,Survey,CUST-1087,SMB,Payments,The app crashed while I was paying by card.,1,4.0.0,India,3715,Payment Failure,Negative,Critical
FB-0441,2026-06-07,Survey,CUST-1120,SMB,Authentication,I cannot log in even though my password is correct.,1,4.1.0,India,5402,Login Problem,Negative,High
FB-0531,2026-06-07,Sales Note,CUST-1294,Free,Refunds,I cannot see when my refund will be processed.,2,4.1.0,Singapore,0,Refund Delay,Negative,High
FB-0631,2026-06-07,Feature Request,CUST-1085,Enterprise,Reporting,Invoice export would save our finance team several hours.,3,4.1.0,UAE,277815,Invoice Export,Neutral,Medium
FB-0051,2026-06-08,App Store Review,CUST-1220,Enterprise,Reporting,Can you support PDF and CSV invoice exports?,3,4.1.0,Singapore,154659,Invoice Export,Neutral,Medium
FB-0062,2026-06-08,Sales Note,CUST-1279,Enterprise,Dashboard,Important payment information is difficult to find.,3,4.1.0,United Kingdom,294082,Dashboard Usability,Neutral,Low
FB-0124,2026-06-08,Sales Note,CUST-1069,Free,General,The application is easy to use and reliable.,5,4.0.0,United States,0,Positive Experience,Positive,Low
FB-0399,2026-06-08,Sales Note,CUST-1292,Enterprise,Payments,I was charged twice for the same transaction.,3,4.0.0,UAE,262251,Payment Failure,Negative,Critical
FB-0423,2026-06-08,Survey,CUST-1049,Enterprise,Integrations,Please connect FlowPay with more CRM platforms.,4,4.0.0,United States,221342,Integration Request,Positive,Medium
FB-0464,2026-06-08,App Store Review,CUST-1107,SMB,Integrations,We would like API support for transaction reconciliation.,5,4.0.0,United Kingdom,7143,Integration Request,Positive,Medium
FB-0714,2026-06-08,Feature Request,CUST-1043,Enterprise,Dashboard,The analytics screen needs clearer filters.,4,4.1.0,United Kingdom,240313,Dashboard Usability,Neutral,Low
FB-0044,2026-06-09,App Store Review,CUST-1204,Enterprise,Integrations,We would like API support for transaction reconciliation.,5,4.0.0,India,133439,Integration Request,Positive,Medium
FB-0078,2026-06-09,Feature Request,CUST-1281,SMB,Dashboard,Please allow us to customize dashboard widgets.,3,4.1.0,Singapore,11068,Dashboard Usability,Neutral,Low
FB-0099,2026-06-09,Support Ticket,CUST-1236,Mid-Market,Performance,The dashboard takes too long to load.,1,4.0.0,Singapore,21109,Slow Application,Negative,Medium
FB-0222,2026-06-09,Sales Note,CUST-1242,Mid-Market,Integrations,We would like API support for transaction reconciliation.,4,4.0.0,India,60092,Integration Request,Positive,Medium
FB-0560,2026-06-09,Support Ticket,CUST-1267,SMB,Refunds,The refund status has been pending for a week.,2,4.0.0,United States,6973,Refund Delay,Negative,High
FB-0609,2026-06-09,Sales Note,CUST-1108,Free,Reporting,We need bulk invoice downloads for accounting.,4,4.0.0,UAE,0,Invoice Export,Neutral,Medium
FB-0638,2026-06-09,App Store Review,CUST-1060,Mid-Market,Refunds,The refund status has been pending for a week.,1,4.1.0,India,44246,Refund Delay,Negative,High
FB-0667,2026-06-09,Feature Request,CUST-1290,SMB,Refunds,The refund status has been pending for a week.,1,4.0.0,Singapore,14425,Refund Delay,Negative,High
FB-0210,2026-06-10,App Store Review,CUST-1189,SMB,Integrations,Please add an integration with our accounting software.,5,4.1.0,United Kingdom,7658,Integration Request,Positive,Medium
FB-0257,2026-06-10,App Store Review,CUST-1154,Mid-Market,Performance,The mobile application has become very slow.,3,4.1.0,United Kingdom,68634,Slow Application,Negative,Medium
FB-0363,2026-06-10,Feature Request,CUST-1157,SMB,Reporting,Invoice export would save our finance team several hours.,3,4.0.0,India,14621,Invoice Export,Neutral,Medium
FB-0429,2026-06-10,App Store Review,CUST-1086,Free,Performance,The mobile application has become very slow.,2,4.1.0,India,0,Slow Application,Negative,Medium
FB-0663,2026-06-10,App Store Review,CUST-1140,Mid-Market,Integrations,Please add an integration with our accounting software.,4,4.0.0,UAE,32869,Integration Request,Positive,Medium
FB-0096,2026-06-11,Sales Note,CUST-1236,Mid-Market,Payments,The app crashed while I was paying by card.,1,4.0.0,United Kingdom,71683,Payment Failure,Negative,Critical
FB-0204,2026-06-11,Support Ticket,CUST-1128,SMB,General,The new dashboard is clean and helpful.,5,4.1.0,United Kingdom,10501,Positive Experience,Positive,Low
FB-0550,2026-06-11,Support Ticket,CUST-1195,SMB,Dashboard,Please allow us to customize dashboard widgets.,3,4.1.0,United Kingdom,14067,Dashboard Usability,Neutral,Low
FB-0606,2026-06-11,App Store Review,CUST-1179,Mid-Market,Refunds,Support confirmed a refund but I have not received it.,3,4.1.0,United Kingdom,65442,Refund Delay,Negative,High
FB-0130,2026-06-12,Survey,CUST-1074,Mid-Market,Integrations,A Shopify integration would simplify our workflow.,5,4.0.0,United Kingdom,54059,Integration Request,Positive,Medium
FB-0238,2026-06-12,Support Ticket,CUST-1172,SMB,Authentication,The app keeps signing me out.,3,4.0.0,United Kingdom,6215,Login Problem,Negative,High
FB-0652,2026-06-12,Support Ticket,CUST-1330,Enterprise,Integrations,A Shopify integration would simplify our workflow.,5,4.1.0,United Kingdom,200596,Integration Request,Positive,Medium
FB-0146,2026-06-13,Support Ticket,CUST-1079,SMB,Authentication,The OTP for login never arrives.,3,4.0.0,India,7314,Login Problem,Negative,High
FB-0602,2026-06-13,Survey,CUST-1043,Mid-Market,Payments,The app crashed while I was paying by card.,3,4.1.0,Singapore,18232,Payment Failure,Negative,Critical
FB-0673,2026-06-13,Sales Note,CUST-1175,Mid-Market,Authentication,The OTP for login never arrives.,1,4.1.0,India,43256,Login Problem,Negative,High
FB-0701,2026-06-13,Support Ticket,CUST-1034,Enterprise,Dashboard,The dashboard navigation is confusing.,3,4.0.0,India,157122,Dashboard Usability,Neutral,Low
FB-0249,2026-06-14,Feature Request,CUST-1016,SMB,Dashboard,Please allow us to customize dashboard widgets.,3,4.0.0,United Kingdom,2987,Dashboard Usability,Neutral,Low
FB-0311,2026-06-14,Sales Note,CUST-1302,SMB,Refunds,My refund has not arrived after ten days.,1,4.1.0,United States,4826,Refund Delay,Negative,High
FB-0336,2026-06-14,Sales Note,CUST-1226,Mid-Market,Dashboard,Important payment information is difficult to find.,3,4.1.0,India,24921,Dashboard Usability,Neutral,Low
FB-0373,2026-06-14,App Store Review,CUST-1013,SMB,General,Customer support resolved my problem quickly.,4,4.1.0,India,8363,Positive Experience,Positive,Low
FB-0650,2026-06-14,Survey,CUST-1130,Mid-Market,Performance,The dashboard takes too long to load.,2,4.0.0,United States,15741,Slow Application,Negative,Medium
FB-0005,2026-06-15,Feature Request,CUST-1274,Mid-Market,Integrations,Please add an integration with our accounting software.,5,4.0.0,India,67896,Integration Request,Positive,Medium
FB-0141,2026-06-15,Survey,CUST-1307,Enterprise,Integrations,We would like API support for transaction reconciliation.,5,4.0.0,India,185871,Integration Request,Positive,Medium
FB-0187,2026-06-15,Survey,CUST-1063,Free,Integrations,We would like API support for transaction reconciliation.,5,4.1.0,Singapore,0,Integration Request,Positive,Medium
FB-0365,2026-06-15,Survey,CUST-1089,Free,Reporting,Please add an option to export invoices to Excel.,3,4.1.0,Singapore,0,Invoice Export,Neutral,Medium
FB-0370,2026-06-15,App Store Review,CUST-1017,SMB,Authentication,The OTP for login never arrives.,2,4.1.0,Singapore,6585,Login Problem,Negative,High
FB-0589,2026-06-15,App Store Review,CUST-1092,Mid-Market,Dashboard,The analytics screen needs clearer filters.,4,4.0.0,United States,42989,Dashboard Usability,Neutral,Low
FB-0616,2026-06-15,Support Ticket,CUST-1320,SMB,Performance,Transaction history freezes when I scroll.,2,4.1.0,India,10212,Slow Application,Negative,Medium
FB-0192,2026-06-16,App Store Review,CUST-1311,Mid-Market,Reporting,Invoice export would save our finance team several hours.,3,4.0.0,United Kingdom,25485,Invoice Export,Neutral,Medium
FB-0287,2026-06-16,Feature Request,CUST-1184,Free,Payments,Checkout keeps loading and the payment never completes.,1,4.1.0,United Kingdom,0,Payment Failure,Negative,Critical
FB-0456,2026-06-16,Survey,CUST-1286,Mid-Market,Integrations,Please connect FlowPay with more CRM platforms.,5,4.1.0,Singapore,70334,Integration Request,Positive,Medium
FB-0544,2026-06-16,Sales Note,CUST-1117,SMB,Integrations,Please add an integration with our accounting software.,5,4.0.0,United Kingdom,4947,Integration Request,Positive,Medium
FB-0596,2026-06-16,Support Ticket,CUST-1292,SMB,General,The application is easy to use and reliable.,4,4.1.0,India,6198,Positive Experience,Positive,Low
FB-0194,2026-06-17,Sales Note,CUST-1187,Free,Reporting,Invoice export would save our finance team several hours.,3,4.0.0,United States,0,Invoice Export,Neutral,Medium
FB-0396,2026-06-17,Feature Request,CUST-1134,Free,Authentication,The OTP for login never arrives.,2,4.1.0,UAE,0,Login Problem,Negative,High
FB-0458,2026-06-17,Feature Request,CUST-1071,Free,Dashboard,The analytics screen needs clearer filters.,3,4.0.0,United States,0,Dashboard Usability,Neutral,Low
FB-0516,2026-06-17,Feature Request,CUST-1195,Mid-Market,Integrations,We would like API support for transaction reconciliation.,4,4.0.0,Singapore,43113,Integration Request,Positive,Medium
FB-0658,2026-06-17,Feature Request,CUST-1259,Mid-Market,Integrations,Please add an integration with our accounting software.,5,4.0.0,UAE,74858,Integration Request,Positive,Medium
FB-0735,2026-06-17,Survey,CUST-1103,Mid-Market,Authentication,The app keeps signing me out.,1,4.1.0,India,56421,Login Problem,Negative,High
FB-0251,2026-06-18,Survey,CUST-1060,Enterprise,Payments,The amount was deducted but the order was not confirmed.,3,4.0.0,Singapore,216375,Payment Failure,Negative,Critical
FB-0260,2026-06-18,Survey,CUST-1073,SMB,Authentication,Biometric login stopped working after the update.,1,4.0.0,UAE,5948,Login Problem,Negative,High
FB-0325,2026-06-18,Feature Request,CUST-1263,Mid-Market,Reporting,Can you support PDF and CSV invoice exports?,4,4.0.0,United States,72680,Invoice Export,Neutral,Medium
FB-0479,2026-06-18,Sales Note,CUST-1144,Enterprise,General,FlowPay makes payment tracking much easier.,5,4.1.0,UAE,176156,Positive Experience,Positive,Low
FB-0505,2026-06-18,Survey,CUST-1249,SMB,General,The application is easy to use and reliable.,4,4.1.0,UAE,8649,Positive Experience,Positive,Low
FB-0580,2026-06-18,Sales Note,CUST-1122,Enterprise,Dashboard,Please allow us to customize dashboard widgets.,4,4.1.0,India,237460,Dashboard Usability,Neutral,Low
FB-0724,2026-06-18,Support Ticket,CUST-1003,Free,Integrations,Please add an integration with our accounting software.,4,4.1.0,India,0,Integration Request,Positive,Medium
FB-0060,2026-06-19,Feature Request,CUST-1169,Mid-Market,Dashboard,The analytics screen needs clearer filters.,3,4.1.0,India,19210,Dashboard Usability,Neutral,Low
FB-0114,2026-06-19,Sales Note,CUST-1183,Free,Integrations,We would like API support for transaction reconciliation.,5,4.1.0,India,0,Integration Request,Positive,Medium
FB-0163,2026-06-19,Survey,CUST-1033,SMB,Reporting,Can you support PDF and CSV invoice exports?,3,4.0.0,UAE,11795,Invoice Export,Neutral,Medium
FB-0334,2026-06-19,Survey,CUST-1153,Mid-Market,Payments,The amount was deducted but the order was not confirmed.,2,4.1.0,United Kingdom,21764,Payment Failure,Negative,Critical
FB-0402,2026-06-19,Sales Note,CUST-1234,Mid-Market,Performance,The dashboard takes too long to load.,3,4.1.0,UAE,71140,Slow Application,Negative,Medium
FB-0513,2026-06-19,App Store Review,CUST-1310,Free,Authentication,I cannot log in even though my password is correct.,1,4.1.0,Singapore,0,Login Problem,Negative,High
FB-0745,2026-06-19,Feature Request,CUST-1138,SMB,General,The new dashboard is clean and helpful.,4,4.1.0,UAE,2535,Positive Experience,Positive,Low
FB-0308,2026-06-20,Sales Note,CUST-1219,Mid-Market,Payments,The app crashed while I was paying by card.,1,4.1.0,United Kingdom,27932,Payment Failure,Negative,Critical
FB-0327,2026-06-20,Survey,CUST-1165,SMB,Authentication,The app keeps signing me out.,2,4.1.0,UAE,5470,Login Problem,Negative,High
FB-0050,2026-06-21,Feature Request,CUST-1346,Mid-Market,Dashboard,Important payment information is difficult to find.,4,4.1.0,UAE,27573,Dashboard Usability,Neutral,Low
FB-0153,2026-06-21,Survey,CUST-1045,SMB,Payments,The app crashed while I was paying by card.,1,4.1.0,United Kingdom,12127,Payment Failure,Negative,Critical
FB-0681,2026-06-21,Feature Request,CUST-1071,SMB,Reporting,We need bulk invoice downloads for accounting.,4,4.0.0,Singapore,12854,Invoice Export,Neutral,Medium
FB-0717,2026-06-21,Sales Note,CUST-1076,Mid-Market,Payments,I was charged twice for the same transaction.,1,4.1.0,India,58734,Payment Failure,Negative,Critical
FB-0138,2026-06-22,Survey,CUST-1218,SMB,Refunds,I cannot see when my refund will be processed.,2,4.0.0,United States,8815,Refund Delay,Negative,High
FB-0225,2026-06-22,App Store Review,CUST-1265,Mid-Market,Reporting,We need bulk invoice downloads for accounting.,4,4.0.0,United States,45908,Invoice Export,Neutral,Medium
FB-0233,2026-06-22,Support Ticket,CUST-1281,SMB,Refunds,The refund status has been pending for a week.,2,4.0.0,Singapore,13160,Refund Delay,Negative,High
FB-0258,2026-06-22,Feature Request,CUST-1284,Free,Refunds,Support confirmed a refund but I have not received it.,1,4.0.0,United States,0,Refund Delay,Negative,High
FB-0261,2026-06-22,App Store Review,CUST-1130,Mid-Market,General,The new dashboard is clean and helpful.,5,4.1.0,India,23788,Positive Experience,Positive,Low
FB-0371,2026-06-22,Feature Request,CUST-1070,SMB,General,The application is easy to use and reliable.,4,4.1.0,UAE,3437,Positive Experience,Positive,Low
FB-0455,2026-06-22,Sales Note,CUST-1287,SMB,Payments,The amount was deducted but the order was not confirmed.,2,4.1.0,United States,3489,Payment Failure,Negative,Critical
FB-0484,2026-06-22,Support Ticket,CUST-1199,Mid-Market,Reporting,Please add an option to export invoices to Excel.,4,4.1.0,India,43379,Invoice Export,Neutral,Medium
FB-0554,2026-06-22,Survey,CUST-1040,Enterprise,Authentication,The OTP for login never arrives.,1,4.0.0,Singapore,107779,Login Problem,Negative,High
FB-0591,2026-06-22,Sales Note,CUST-1123,SMB,Integrations,A Shopify integration would simplify our workflow.,5,4.1.0,UAE,13892,Integration Request,Positive,Medium
FB-0175,2026-06-23,Support Ticket,CUST-1191,SMB,Payments,The amount was deducted but the order was not confirmed.,1,4.1.0,United States,5862,Payment Failure,Negative,Critical
FB-0341,2026-06-23,Support Ticket,CUST-1008,Mid-Market,Refunds,My refund has not arrived after ten days.,1,4.1.0,United States,64987,Refund Delay,Negative,High
FB-0448,2026-06-23,App Store Review,CUST-1312,SMB,General,The application is easy to use and reliable.,5,4.1.0,UAE,11321,Positive Experience,Positive,Low
FB-0690,2026-06-23,App Store Review,CUST-1018,Enterprise,Refunds,I cannot see when my refund will be processed.,3,4.1.0,United States,152233,Refund Delay,Negative,High
FB-0026,2026-06-24,Sales Note,CUST-1050,SMB,Authentication,I cannot log in even though my password is correct.,3,4.1.0,India,3235,Login Problem,Negative,High
FB-0520,2026-06-24,App Store Review,CUST-1211,Mid-Market,Performance,The latest version feels slower than the previous one.,1,4.1.0,United States,59605,Slow Application,Negative,Medium
FB-0685,2026-06-24,App Store Review,CUST-1217,SMB,Performance,The dashboard takes too long to load.,3,4.0.0,Singapore,7821,Slow Application,Negative,Medium
FB-0721,2026-06-24,Survey,CUST-1061,Enterprise,Refunds,The refund status has been pending for a week.,2,4.1.0,United Kingdom,268444,Refund Delay,Negative,High
FB-0154,2026-06-25,Survey,CUST-1113,SMB,Performance,Transaction history freezes when I scroll.,1,4.1.0,India,8484,Slow Application,Negative,Medium
FB-0451,2026-06-25,App Store Review,CUST-1285,SMB,Dashboard,The dashboard navigation is confusing.,3,4.1.0,United Kingdom,7664,Dashboard Usability,Neutral,Low
FB-0559,2026-06-25,Feature Request,CUST-1276,Mid-Market,Performance,The mobile application has become very slow.,1,4.1.0,Singapore,35294,Slow Application,Negative,Medium
FB-0035,2026-06-26,Sales Note,CUST-1153,Mid-Market,Integrations,Please add an integration with our accounting software.,4,4.0.0,United States,55087,Integration Request,Positive,Medium
FB-0052,2026-06-26,Support Ticket,CUST-1145,SMB,Dashboard,Please allow us to customize dashboard widgets.,3,4.0.0,United Kingdom,14057,Dashboard Usability,Neutral,Low
FB-0170,2026-06-26,App Store Review,CUST-1273,Mid-Market,Performance,The mobile application has become very slow.,2,4.1.0,Singapore,66368,Slow Application,Negative,Medium
FB-0320,2026-06-26,App Store Review,CUST-1301,Free,Integrations,We would like API support for transaction reconciliation.,5,4.0.0,United Kingdom,0,Integration Request,Positive,Medium
FB-0387,2026-06-26,Feature Request,CUST-1179,Enterprise,Dashboard,The analytics screen needs clearer filters.,3,4.1.0,Singapore,183533,Dashboard Usability,Neutral,Low
FB-0526,2026-06-26,App Store Review,CUST-1017,Enterprise,Payments,I was charged twice for the same transaction.,3,4.1.0,UAE,285741,Payment Failure,Negative,Critical
FB-0607,2026-06-26,App Store Review,CUST-1043,Mid-Market,Payments,My payment failed after I entered the OTP.,1,4.1.0,United Kingdom,28087,Payment Failure,Negative,Critical
FB-0021,2026-06-27,Sales Note,CUST-1283,SMB,Authentication,The OTP for login never arrives.,3,4.0.0,United Kingdom,7539,Login Problem,Negative,High
FB-0174,2026-06-27,Support Ticket,CUST-1113,Free,General,The application is easy to use and reliable.,5,4.1.0,India,0,Positive Experience,Positive,Low
FB-0247,2026-06-27,Feature Request,CUST-1288,SMB,Integrations,Please add an integration with our accounting software.,5,4.1.0,United States,10409,Integration Request,Positive,Medium
FB-0413,2026-06-27,Survey,CUST-1083,Enterprise,Authentication,The app keeps signing me out.,1,4.1.0,United States,228848,Login Problem,Negative,High
FB-0454,2026-06-27,Feature Request,CUST-1334,SMB,Payments,My payment failed after I entered the OTP.,1,4.0.0,Singapore,7178,Payment Failure,Negative,Critical
FB-0496,2026-06-27,App Store Review,CUST-1330,SMB,Refunds,My refund has not arrived after ten days.,2,4.0.0,United Kingdom,11038,Refund Delay,Negative,High
FB-0501,2026-06-27,Feature Request,CUST-1183,Mid-Market,Authentication,I cannot log in even though my password is correct.,1,4.0.0,Singapore,52082,Login Problem,Negative,High
FB-0601,2026-06-27,Feature Request,CUST-1148,Mid-Market,Dashboard,The analytics screen needs clearer filters.,3,4.0.0,United Kingdom,20904,Dashboard Usability,Neutral,Low
FB-0677,2026-06-27,App Store Review,CUST-1105,SMB,Performance,Transaction history freezes when I scroll.,2,4.1.0,UAE,11468,Slow Application,Negative,Medium
FB-0016,2026-06-28,Sales Note,CUST-1091,Mid-Market,Payments,I was charged twice for the same transaction.,1,4.1.0,United States,62165,Payment Failure,Negative,Critical
FB-0237,2026-06-28,Sales Note,CUST-1239,SMB,General,Customer support resolved my problem quickly.,4,4.0.0,India,10092,Positive Experience,Positive,Low
FB-0326,2026-06-28,Feature Request,CUST-1325,SMB,General,Customer support resolved my problem quickly.,4,4.0.0,UAE,2040,Positive Experience,Positive,Low
FB-0530,2026-06-28,Feature Request,CUST-1259,Mid-Market,General,FlowPay makes payment tracking much easier.,4,4.0.0,UAE,32112,Positive Experience,Positive,Low
FB-0211,2026-06-29,Support Ticket,CUST-1148,SMB,Authentication,Biometric login stopped working after the update.,3,4.0.0,Singapore,4308,Login Problem,Negative,High
FB-0356,2026-06-29,Sales Note,CUST-1125,Enterprise,Refunds,The refund status has been pending for a week.,1,4.0.0,Singapore,277536,Refund Delay,Negative,High
FB-0558,2026-06-29,App Store Review,CUST-1276,SMB,General,The new dashboard is clean and helpful.,5,4.1.0,UAE,6463,Positive Experience,Positive,Low
FB-0649,2026-06-29,Sales Note,CUST-1212,Free,Performance,The latest version feels slower than the previous one.,1,4.0.0,United States,0,Slow Application,Negative,Medium
FB-0672,2026-06-29,Sales Note,CUST-1081,SMB,Reporting,Invoice export would save our finance team several hours.,3,4.0.0,India,12172,Invoice Export,Neutral,Medium
FB-0747,2026-06-29,Sales Note,CUST-1104,SMB,Performance,The mobile application has become very slow.,2,4.0.0,United Kingdom,4871,Slow Application,Negative,Medium
FB-0088,2026-06-30,Feature Request,CUST-1036,SMB,Refunds,The refund status has been pending for a week.,2,4.1.0,UAE,13582,Refund Delay,Negative,High
FB-0094,2026-06-30,App Store Review,CUST-1168,SMB,Refunds,Support confirmed a refund but I have not received it.,2,4.0.0,United States,12979,Refund Delay,Negative,High
FB-0161,2026-06-30,Survey,CUST-1043,Enterprise,Reporting,We need bulk invoice downloads for accounting.,3,4.0.0,United Kingdom,193102,Invoice Export,Neutral,Medium
FB-0305,2026-06-30,Support Ticket,CUST-1153,Mid-Market,Payments,My payment failed after I entered the OTP.,1,4.1.0,India,44652,Payment Failure,Negative,Critical
FB-0426,2026-06-30,Feature Request,CUST-1099,Mid-Market,Payments,I was charged twice for the same transaction.,1,4.0.0,Singapore,53032,Payment Failure,Negative,Critical
FB-0487,2026-06-30,Sales Note,CUST-1151,SMB,Authentication,The OTP for login never arrives.,2,4.1.0,United States,14234,Login Problem,Negative,High
FB-0499,2026-06-30,App Store Review,CUST-1301,Free,Dashboard,Please allow us to customize dashboard widgets.,3,4.1.0,Singapore,0,Dashboard Usability,Neutral,Low
FB-0524,2026-06-30,App Store Review,CUST-1189,SMB,General,FlowPay makes payment tracking much easier.,4,4.1.0,Singapore,3049,Positive Experience,Positive,Low
FB-0561,2026-06-30,Survey,CUST-1004,Mid-Market,Performance,The latest version feels slower than the previous one.,2,4.1.0,UAE,47240,Slow Application,Negative,Medium
FB-0645,2026-06-30,Sales Note,CUST-1211,Mid-Market,Authentication,The OTP for login never arrives.,1,4.1.0,UAE,32985,Login Problem,Negative,High
FB-0670,2026-06-30,Survey,CUST-1309,SMB,Payments,I was charged twice for the same transaction.,1,4.1.0,UAE,4798,Payment Failure,Negative,Critical
FB-0734,2026-06-30,App Store Review,CUST-1110,Free,Performance,The latest version feels slower than the previous one.,1,4.1.0,Singapore,0,Slow Application,Negative,Medium
FB-0083,2026-07-01,Feature Request,CUST-1058,SMB,Reporting,Please add an option to export invoices to Excel.,3,4.1.0,Singapore,2841,Invoice Export,Neutral,Medium
FB-0234,2026-07-01,Survey,CUST-1330,Mid-Market,Dashboard,The dashboard navigation is confusing.,3,4.1.0,UAE,33825,Dashboard Usability,Neutral,Low
FB-0292,2026-07-01,Sales Note,CUST-1315,SMB,Integrations,A Shopify integration would simplify our workflow.,5,4.1.0,India,6040,Integration Request,Positive,Medium
FB-0018,2026-07-02,App Store Review,CUST-1029,Enterprise,Payments,The amount was deducted but the order was not confirmed.,3,4.1.0,India,293017,Payment Failure,Negative,Critical
FB-0694,2026-07-02,Support Ticket,CUST-1074,SMB,Authentication,The OTP for login never arrives.,2,4.1.0,Singapore,2542,Login Problem,Negative,High
FB-0075,2026-07-03,Survey,CUST-1174,SMB,Integrations,We would like API support for transaction reconciliation.,5,4.1.0,UAE,5475,Integration Request,Positive,Medium
FB-0208,2026-07-03,Feature Request,CUST-1125,SMB,General,The application is easy to use and reliable.,5,4.1.0,Singapore,12517,Positive Experience,Positive,Low
FB-0716,2026-07-03,Support Ticket,CUST-1173,Enterprise,Performance,The dashboard takes too long to load.,2,4.0.0,India,192784,Slow Application,Negative,Medium
FB-0030,2026-07-04,App Store Review,CUST-1035,SMB,General,FlowPay makes payment tracking much easier.,4,4.0.0,Singapore,2931,Positive Experience,Positive,Low
FB-0151,2026-07-04,Feature Request,CUST-1021,Mid-Market,Performance,The latest version feels slower than the previous one.,1,4.0.0,Singapore,38211,Slow Application,Negative,Medium
FB-0160,2026-07-04,Feature Request,CUST-1292,Mid-Market,Reporting,We need bulk invoice downloads for accounting.,3,4.0.0,UAE,66893,Invoice Export,Neutral,Medium
FB-0182,2026-07-04,Feature Request,CUST-1022,SMB,Integrations,Please connect FlowPay with more CRM platforms.,5,4.1.0,United States,2333,Integration Request,Positive,Medium
FB-0203,2026-07-04,Sales Note,CUST-1078,Free,General,Customer support resolved my problem quickly.,4,4.0.0,United Kingdom,0,Positive Experience,Positive,Low
FB-0283,2026-07-04,App Store Review,CUST-1038,SMB,Dashboard,Please allow us to customize dashboard widgets.,4,4.1.0,UAE,3600,Dashboard Usability,Neutral,Low
FB-0452,2026-07-04,Feature Request,CUST-1164,Enterprise,Integrations,A Shopify integration would simplify our workflow.,5,4.0.0,United States,118360,Integration Request,Positive,Medium
FB-0500,2026-07-04,App Store Review,CUST-1314,SMB,Reporting,We need bulk invoice downloads for accounting.,4,4.0.0,United Kingdom,10227,Invoice Export,Neutral,Medium
FB-0651,2026-07-04,Survey,CUST-1202,Mid-Market,Performance,The dashboard takes too long to load.,1,4.1.0,United Kingdom,22461,Slow Application,Negative,Medium
FB-0155,2026-07-05,Survey,CUST-1330,SMB,Performance,The mobile application has become very slow.,1,4.1.0,India,5176,Slow Application,Negative,Medium
FB-0213,2026-07-05,Support Ticket,CUST-1201,Enterprise,Reporting,Invoice export would save our finance team several hours.,3,4.0.0,United Kingdom,205383,Invoice Export,Neutral,Medium
FB-0097,2026-07-06,Support Ticket,CUST-1104,Mid-Market,Refunds,I cannot see when my refund will be processed.,3,4.1.0,United Kingdom,55987,Refund Delay,Negative,High
FB-0339,2026-07-06,Support Ticket,CUST-1122,SMB,Performance,The latest version feels slower than the previous one.,2,4.1.0,India,8418,Slow Application,Negative,Medium
FB-0403,2026-07-06,App Store Review,CUST-1290,Free,Integrations,Please add an integration with our accounting software.,4,4.0.0,UAE,0,Integration Request,Positive,Medium
FB-0467,2026-07-06,App Store Review,CUST-1136,SMB,Payments,The amount was deducted but the order was not confirmed.,2,4.0.0,United States,2869,Payment Failure,Negative,Critical
FB-0564,2026-07-06,Survey,CUST-1332,Enterprise,Integrations,We would like API support for transaction reconciliation.,5,4.1.0,United Kingdom,286701,Integration Request,Positive,Medium
FB-0571,2026-07-06,Survey,CUST-1081,SMB,Dashboard,The dashboard navigation is confusing.,4,4.1.0,UAE,8375,Dashboard Usability,Neutral,Low
FB-0572,2026-07-06,Survey,CUST-1026,SMB,Authentication,The OTP for login never arrives.,1,4.0.0,United Kingdom,6895,Login Problem,Negative,High
FB-0618,2026-07-06,Feature Request,CUST-1123,Mid-Market,General,The new dashboard is clean and helpful.,5,4.0.0,United States,55995,Positive Experience,Positive,Low
FB-0648,2026-07-06,Survey,CUST-1099,SMB,Dashboard,The dashboard navigation is confusing.,3,4.0.0,India,4947,Dashboard Usability,Neutral,Low
FB-0726,2026-07-06,Sales Note,CUST-1092,SMB,Reporting,Invoice export would save our finance team several hours.,4,4.0.0,India,4859,Invoice Export,Neutral,Medium
FB-0172,2026-07-07,Survey,CUST-1026,SMB,Reporting,Invoice export would save our finance team several hours.,3,4.0.0,UAE,5271,Invoice Export,Neutral,Medium
FB-0201,2026-07-07,App Store Review,CUST-1162,SMB,Reporting,Please add an option to export invoices to Excel.,3,4.0.0,Singapore,11419,Invoice Export,Neutral,Medium
FB-0245,2026-07-07,Support Ticket,CUST-1280,Free,Dashboard,Important payment information is difficult to find.,4,4.0.0,UAE,0,Dashboard Usability,Neutral,Low
FB-0252,2026-07-07,Support Ticket,CUST-1152,Enterprise,Authentication,Biometric login stopped working after the update.,3,4.0.0,Singapore,293844,Login Problem,Negative,High
FB-0271,2026-07-07,Support Ticket,CUST-1211,Enterprise,Payments,The amount was deducted but the order was not confirmed.,1,4.0.0,India,289433,Payment Failure,Negative,Critical
FB-0427,2026-07-07,App Store Review,CUST-1102,Free,Refunds,I cannot see when my refund will be processed.,2,4.0.0,UAE,0,Refund Delay,Negative,High
FB-0461,2026-07-07,Sales Note,CUST-1090,Mid-Market,Dashboard,Important payment information is difficult to find.,4,4.1.0,United Kingdom,43365,Dashboard Usability,Neutral,Low
FB-0476,2026-07-07,Feature Request,CUST-1278,SMB,Authentication,Biometric login stopped working after the update.,1,4.0.0,United States,3117,Login Problem,Negative,High
FB-0600,2026-07-07,Sales Note,CUST-1113,SMB,Payments,The amount was deducted but the order was not confirmed.,1,4.1.0,Singapore,4450,Payment Failure,Negative,Critical
FB-0702,2026-07-07,Survey,CUST-1098,SMB,Payments,My payment failed after I entered the OTP.,1,4.1.0,UAE,5594,Payment Failure,Negative,Critical
FB-0728,2026-07-07,Feature Request,CUST-1320,Mid-Market,General,The new dashboard is clean and helpful.,5,4.0.0,India,71540,Positive Experience,Positive,Low
FB-0750,2026-07-07,Feature Request,CUST-1317,SMB,Integrations,We would like API support for transaction reconciliation.,4,4.1.0,United Kingdom,10714,Integration Request,Positive,Medium
FB-0064,2026-07-08,Support Ticket,CUST-1329,SMB,Payments,The app crashed while I was paying by card.,1,4.0.0,Singapore,11246,Payment Failure,Negative,Critical
FB-0221,2026-07-08,Survey,CUST-1169,Mid-Market,Reporting,Please add an option to export invoices to Excel.,3,4.0.0,UAE,46123,Invoice Export,Neutral,Medium
FB-0253,2026-07-08,App Store Review,CUST-1141,SMB,Refunds,The refund status has been pending for a week.,1,4.1.0,India,9546,Refund Delay,Negative,High
FB-0299,2026-07-08,Sales Note,CUST-1018,Enterprise,Reporting,Can you support PDF and CSV invoice exports?,4,4.1.0,UAE,256328,Invoice Export,Neutral,Medium
FB-0629,2026-07-08,Sales Note,CUST-1055,Enterprise,Performance,The latest version feels slower than the previous one.,2,4.0.0,India,281287,Slow Application,Negative,Medium
FB-0713,2026-07-08,App Store Review,CUST-1090,SMB,Integrations,Please add an integration with our accounting software.,5,4.1.0,United Kingdom,9530,Integration Request,Positive,Medium
FB-0504,2026-07-09,Sales Note,CUST-1334,SMB,Performance,The dashboard takes too long to load.,3,4.1.0,United States,8201,Slow Application,Negative,Medium
FB-0578,2026-07-09,Survey,CUST-1239,SMB,Dashboard,Please allow us to customize dashboard widgets.,4,4.1.0,UAE,5057,Dashboard Usability,Neutral,Low
FB-0708,2026-07-09,Feature Request,CUST-1132,SMB,Integrations,Please add an integration with our accounting software.,4,4.0.0,India,12540,Integration Request,Positive,Medium
FB-0748,2026-07-09,App Store Review,CUST-1164,SMB,Payments,Checkout keeps loading and the payment never completes.,2,4.0.0,UAE,14325,Payment Failure,Negative,Critical
FB-0006,2026-07-10,Sales Note,CUST-1098,Mid-Market,Refunds,My refund has not arrived after ten days.,1,4.1.0,United Kingdom,73029,Refund Delay,Negative,High
FB-0039,2026-07-10,App Store Review,CUST-1279,Mid-Market,Dashboard,The dashboard navigation is confusing.,3,4.0.0,UAE,22332,Dashboard Usability,Neutral,Low
FB-0040,2026-07-10,Survey,CUST-1020,Free,Authentication,The app keeps signing me out.,1,4.1.0,United Kingdom,0,Login Problem,Negative,High
FB-0101,2026-07-10,Support Ticket,CUST-1141,SMB,Authentication,Biometric login stopped working after the update.,2,4.0.0,UAE,11820,Login Problem,Negative,High
FB-0103,2026-07-10,App Store Review,CUST-1292,SMB,Integrations,Please connect FlowPay with more CRM platforms.,4,4.0.0,Singapore,7272,Integration Request,Positive,Medium
FB-0198,2026-07-10,App Store Review,CUST-1185,Enterprise,Performance,The mobile application has become very slow.,1,4.0.0,United Kingdom,298180,Slow Application,Negative,Medium
FB-0268,2026-07-10,App Store Review,CUST-1100,Mid-Market,General,Customer support resolved my problem quickly.,4,4.1.0,Singapore,42367,Positive Experience,Positive,Low
FB-0278,2026-07-10,Support Ticket,CUST-1255,Mid-Market,Reporting,Invoice export would save our finance team several hours.,4,4.0.0,United States,61062,Invoice Export,Neutral,Medium
FB-0390,2026-07-10,Support Ticket,CUST-1220,Enterprise,General,The new dashboard is clean and helpful.,5,4.1.0,United Kingdom,163592,Positive Experience,Positive,Low
FB-0398,2026-07-10,Sales Note,CUST-1243,SMB,Payments,I was charged twice for the same transaction.,1,4.1.0,Singapore,10561,Payment Failure,Negative,Critical
FB-0438,2026-07-10,Survey,CUST-1215,Mid-Market,Refunds,My refund has not arrived after ten days.,3,4.0.0,United States,28468,Refund Delay,Negative,High
FB-0471,2026-07-10,App Store Review,CUST-1324,Mid-Market,Payments,Checkout keeps loading and the payment never completes.,3,4.1.0,UAE,28310,Payment Failure,Negative,Critical
FB-0529,2026-07-10,Survey,CUST-1141,Mid-Market,Refunds,The refund status has been pending for a week.,3,4.1.0,United Kingdom,74967,Refund Delay,Negative,High
FB-0085,2026-07-11,Sales Note,CUST-1194,Mid-Market,Integrations,Please connect FlowPay with more CRM platforms.,5,4.0.0,United States,66822,Integration Request,Positive,Medium
FB-0166,2026-07-11,Sales Note,CUST-1047,Mid-Market,Refunds,Support confirmed a refund but I have not received it.,3,4.0.0,United States,68293,Refund Delay,Negative,High
FB-0218,2026-07-11,Sales Note,CUST-1020,Mid-Market,General,FlowPay makes payment tracking much easier.,4,4.1.0,United Kingdom,28046,Positive Experience,Positive,Low
FB-0229,2026-07-11,Support Ticket,CUST-1293,Mid-Market,General,The application is easy to use and reliable.,5,4.1.0,United States,32922,Positive Experience,Positive,Low
FB-0315,2026-07-11,Feature Request,CUST-1227,SMB,Reporting,Invoice export would save our finance team several hours.,3,4.1.0,India,13218,Invoice Export,Neutral,Medium
FB-0366,2026-07-11,App Store Review,CUST-1062,SMB,Dashboard,The dashboard navigation is confusing.,3,4.0.0,United Kingdom,9570,Dashboard Usability,Neutral,Low
FB-0418,2026-07-11,Feature Request,CUST-1032,Mid-Market,Performance,Transaction history freezes when I scroll.,2,4.0.0,United States,34561,Slow Application,Negative,Medium
FB-0521,2026-07-11,Feature Request,CUST-1070,SMB,Performance,The dashboard takes too long to load.,1,4.1.0,Singapore,7024,Slow Application,Negative,Medium
FB-0545,2026-07-11,Feature Request,CUST-1004,SMB,Reporting,We need bulk invoice downloads for accounting.,3,4.0.0,Singapore,4389,Invoice Export,Neutral,Medium
FB-0664,2026-07-11,Survey,CUST-1072,SMB,Reporting,Can you support PDF and CSV invoice exports?,4,4.1.0,United Kingdom,7739,Invoice Export,Neutral,Medium
FB-0068,2026-07-12,App Store Review,CUST-1310,SMB,General,FlowPay makes payment tracking much easier.,4,4.1.0,United States,6198,Positive Experience,Positive,Low
FB-0216,2026-07-12,Feature Request,CUST-1258,SMB,Performance,The latest version feels slower than the previous one.,3,4.0.0,United States,6728,Slow Application,Negative,Medium
FB-0269,2026-07-12,Survey,CUST-1250,SMB,Integrations,Please connect FlowPay with more CRM platforms.,5,4.1.0,United Kingdom,12725,Integration Request,Positive,Medium
FB-0279,2026-07-12,App Store Review,CUST-1108,Enterprise,General,The application is easy to use and reliable.,5,4.0.0,India,213454,Positive Experience,Positive,Low
FB-0316,2026-07-12,Survey,CUST-1115,Mid-Market,Payments,I was charged twice for the same transaction.,2,4.0.0,United Kingdom,34143,Payment Failure,Negative,Critical
FB-0532,2026-07-12,Feature Request,CUST-1300,SMB,Reporting,Please add an option to export invoices to Excel.,3,4.1.0,India,7565,Invoice Export,Neutral,Medium
FB-0624,2026-07-12,Survey,CUST-1040,Mid-Market,Performance,The latest version feels slower than the previous one.,1,4.0.0,UAE,30134,Slow Application,Negative,Medium
FB-0654,2026-07-12,App Store Review,CUST-1295,SMB,Dashboard,Please allow us to customize dashboard widgets.,3,4.0.0,India,10779,Dashboard Usability,Neutral,Low
FB-0687,2026-07-12,Support Ticket,CUST-1072,SMB,Reporting,Can you support PDF and CSV invoice exports?,3,4.1.0,UAE,11507,Invoice Export,Neutral,Medium
FB-0142,2026-07-13,Support Ticket,CUST-1179,SMB,Reporting,Can you support PDF and CSV invoice exports?,3,4.0.0,United States,9900,Invoice Export,Neutral,Medium
FB-0143,2026-07-13,Sales Note,CUST-1336,SMB,Authentication,The app keeps signing me out.,1,4.0.0,United Kingdom,11190,Login Problem,Negative,High
FB-0328,2026-07-13,Support Ticket,CUST-1023,Enterprise,Authentication,I cannot log in even though my password is correct.,2,4.1.0,India,281650,Login Problem,Negative,High
FB-0405,2026-07-13,Feature Request,CUST-1073,Free,Performance,The latest version feels slower than the previous one.,1,4.1.0,Singapore,0,Slow Application,Negative,Medium
FB-0509,2026-07-13,Sales Note,CUST-1075,Free,Performance,The dashboard takes too long to load.,1,4.0.0,United States,0,Slow Application,Negative,Medium
FB-0214,2026-07-14,Sales Note,CUST-1334,Free,Refunds,Support confirmed a refund but I have not received it.,2,4.1.0,UAE,0,Refund Delay,Negative,High
FB-0223,2026-07-14,App Store Review,CUST-1348,SMB,Reporting,We need bulk invoice downloads for accounting.,3,4.1.0,UAE,13815,Invoice Export,Neutral,Medium
FB-0002,2026-07-15,App Store Review,CUST-1119,Free,Authentication,I cannot log in even though my password is correct.,3,4.2.0,United Kingdom,0,Login Problem,Negative,High
FB-0105,2026-07-15,Feature Request,CUST-1051,Free,Payments,I was charged twice for the same transaction.,2,4.2.0,India,0,Payment Failure,Negative,Critical
FB-0133,2026-07-15,Support Ticket,CUST-1337,SMB,Payments,I was charged twice for the same transaction.,2,4.2.0,Singapore,12077,Payment Failure,Negative,Critical
FB-0381,2026-07-15,App Store Review,CUST-1223,SMB,Payments,The app crashed while I was paying by card.,2,4.2.0,United Kingdom,4235,Payment Failure,Negative,Critical
FB-0014,2026-07-16,Sales Note,CUST-1128,SMB,Payments,I was charged twice for the same transaction.,1,4.2.0,India,9668,Payment Failure,Negative,Critical
FB-0255,2026-07-16,Support Ticket,CUST-1125,Mid-Market,Payments,My payment failed after I entered the OTP.,2,4.2.0,Singapore,61091,Payment Failure,Negative,Critical
FB-0300,2026-07-16,App Store Review,CUST-1336,Free,Reporting,Can you support PDF and CSV invoice exports?,3,4.2.0,UAE,0,Invoice Export,Neutral,Medium
FB-0322,2026-07-16,Survey,CUST-1148,SMB,Refunds,I cannot see when my refund will be processed.,3,4.2.0,India,13535,Refund Delay,Negative,High
FB-0489,2026-07-16,Survey,CUST-1107,SMB,Authentication,The app keeps signing me out.,1,4.2.0,Singapore,3394,Login Problem,Negative,High
FB-0593,2026-07-16,Survey,CUST-1003,Free,Payments,Checkout keeps loading and the payment never completes.,1,4.2.0,United Kingdom,0,Payment Failure,Negative,Critical
FB-0009,2026-07-17,App Store Review,CUST-1236,SMB,Reporting,Invoice export would save our finance team several hours.,3,4.2.0,UAE,6010,Invoice Export,Neutral,Medium
FB-0047,2026-07-17,Sales Note,CUST-1097,Free,General,Customer support resolved my problem quickly.,4,4.2.0,Singapore,0,Positive Experience,Positive,Low
FB-0092,2026-07-17,Sales Note,CUST-1300,Free,Payments,My payment failed after I entered the OTP.,2,4.2.0,UAE,0,Payment Failure,Negative,Critical
FB-0116,2026-07-17,Sales Note,CUST-1128,SMB,Dashboard,Important payment information is difficult to find.,4,4.2.0,India,5115,Dashboard Usability,Neutral,Low
FB-0137,2026-07-17,Sales Note,CUST-1110,Mid-Market,Authentication,Biometric login stopped working after the update.,2,4.2.0,United Kingdom,22499,Login Problem,Negative,High
FB-0263,2026-07-17,Sales Note,CUST-1343,Free,Payments,I was charged twice for the same transaction.,1,4.2.0,Singapore,0,Payment Failure,Negative,Critical
FB-0346,2026-07-17,App Store Review,CUST-1061,Mid-Market,Payments,My payment failed after I entered the OTP.,1,4.2.0,India,58127,Payment Failure,Negative,Critical
FB-0073,2026-07-18,Feature Request,CUST-1223,SMB,Dashboard,Please allow us to customize dashboard widgets.,3,4.2.0,United Kingdom,9921,Dashboard Usability,Neutral,Low
FB-0243,2026-07-18,App Store Review,CUST-1232,Enterprise,Payments,I was charged twice for the same transaction.,2,4.2.0,Singapore,200353,Payment Failure,Negative,Critical
FB-0321,2026-07-18,Support Ticket,CUST-1291,SMB,Payments,Checkout keeps loading and the payment never completes.,3,4.2.0,United States,5390,Payment Failure,Negative,Critical
FB-0459,2026-07-18,Feature Request,CUST-1110,Free,Payments,The app crashed while I was paying by card.,1,4.2.0,United States,0,Payment Failure,Negative,Critical
FB-0469,2026-07-18,App Store Review,CUST-1331,Mid-Market,Integrations,Please connect FlowPay with more CRM platforms.,4,4.2.0,UAE,71679,Integration Request,Positive,Medium
FB-0049,2026-07-19,Survey,CUST-1259,Enterprise,Payments,Checkout keeps loading and the payment never completes.,2,4.2.0,United States,263680,Payment Failure,Negative,Critical
FB-0439,2026-07-19,Support Ticket,CUST-1261,Free,Reporting,Please add an option to export invoices to Excel.,3,4.2.0,India,0,Invoice Export,Neutral,Medium
FB-0493,2026-07-19,Feature Request,CUST-1168,SMB,Payments,I was charged twice for the same transaction.,2,4.2.0,UAE,9960,Payment Failure,Negative,Critical
FB-0512,2026-07-19,Survey,CUST-1232,SMB,Reporting,Please add an option to export invoices to Excel.,3,4.2.0,Singapore,13865,Invoice Export,Neutral,Medium
FB-0584,2026-07-19,App Store Review,CUST-1310,SMB,Performance,The dashboard takes too long to load.,1,4.2.0,United Kingdom,8002,Slow Application,Negative,Medium
FB-0639,2026-07-19,Feature Request,CUST-1255,Free,Performance,The dashboard takes too long to load.,3,4.2.0,Singapore,0,Slow Application,Negative,Medium
FB-0205,2026-07-20,App Store Review,CUST-1303,SMB,Payments,I was charged twice for the same transaction.,1,4.2.0,United Kingdom,10234,Payment Failure,Negative,Critical
FB-0557,2026-07-20,Support Ticket,CUST-1017,SMB,Payments,Checkout keeps loading and the payment never completes.,2,4.2.0,Singapore,4795,Payment Failure,Negative,Critical
FB-0653,2026-07-20,Feature Request,CUST-1211,Enterprise,Refunds,My refund has not arrived after ten days.,3,4.2.0,United States,162847,Refund Delay,Negative,High
FB-0727,2026-07-20,Support Ticket,CUST-1285,SMB,Dashboard,Important payment information is difficult to find.,3,4.2.0,India,8861,Dashboard Usability,Neutral,Low
FB-0001,2026-07-21,App Store Review,CUST-1071,Mid-Market,Payments,My payment failed after I entered the OTP.,3,4.2.0,India,31050,Payment Failure,Negative,Critical
FB-0008,2026-07-21,App Store Review,CUST-1343,SMB,Dashboard,Please allow us to customize dashboard widgets.,4,4.2.0,India,7820,Dashboard Usability,Neutral,Low
FB-0123,2026-07-21,Feature Request,CUST-1059,Enterprise,Dashboard,Important payment information is difficult to find.,3,4.2.0,India,154218,Dashboard Usability,Neutral,Low
FB-0360,2026-07-21,Sales Note,CUST-1031,Free,Dashboard,The analytics screen needs clearer filters.,4,4.2.0,United Kingdom,0,Dashboard Usability,Neutral,Low
FB-0394,2026-07-21,Support Ticket,CUST-1157,Free,Payments,The app crashed while I was paying by card.,2,4.2.0,Singapore,0,Payment Failure,Negative,Critical
FB-0573,2026-07-21,Survey,CUST-1299,Free,Authentication,I cannot log in even though my password is correct.,2,4.2.0,United Kingdom,0,Login Problem,Negative,High
FB-0077,2026-07-22,Support Ticket,CUST-1150,SMB,Performance,The mobile application has become very slow.,2,4.2.0,United Kingdom,2282,Slow Application,Negative,Medium
FB-0134,2026-07-22,Feature Request,CUST-1205,Free,General,The application is easy to use and reliable.,4,4.2.0,Singapore,0,Positive Experience,Positive,Low
FB-0335,2026-07-22,Sales Note,CUST-1288,Free,General,FlowPay makes payment tracking much easier.,4,4.2.0,Singapore,0,Positive Experience,Positive,Low
FB-0338,2026-07-22,Sales Note,CUST-1145,Mid-Market,Payments,My payment failed after I entered the OTP.,2,4.2.0,United Kingdom,54323,Payment Failure,Negative,Critical
FB-0485,2026-07-22,Sales Note,CUST-1023,Free,Performance,The dashboard takes too long to load.,2,4.2.0,UAE,0,Slow Application,Negative,Medium
FB-0676,2026-07-22,App Store Review,CUST-1297,Free,Reporting,Please add an option to export invoices to Excel.,3,4.2.0,United Kingdom,0,Invoice Export,Neutral,Medium
FB-0730,2026-07-22,Survey,CUST-1315,SMB,Authentication,Biometric login stopped working after the update.,1,4.2.0,India,6118,Login Problem,Negative,High
FB-0231,2026-07-23,Sales Note,CUST-1138,SMB,Payments,I was charged twice for the same transaction.,2,4.2.0,United Kingdom,5310,Payment Failure,Negative,Critical
FB-0266,2026-07-23,Feature Request,CUST-1238,SMB,Authentication,I cannot log in even though my password is correct.,2,4.2.0,United States,10401,Login Problem,Negative,High
FB-0421,2026-07-23,Feature Request,CUST-1198,SMB,Refunds,My refund has not arrived after ten days.,3,4.2.0,UAE,8857,Refund Delay,Negative,High
FB-0585,2026-07-23,Feature Request,CUST-1327,Enterprise,Refunds,My refund has not arrived after ten days.,2,4.2.0,UAE,95961,Refund Delay,Negative,High
FB-0071,2026-07-24,Support Ticket,CUST-1215,SMB,Authentication,Biometric login stopped working after the update.,1,4.2.0,Singapore,7590,Login Problem,Negative,High
FB-0089,2026-07-24,Sales Note,CUST-1115,SMB,Dashboard,Important payment information is difficult to find.,3,4.2.0,United Kingdom,3880,Dashboard Usability,Neutral,Low
FB-0095,2026-07-24,Support Ticket,CUST-1232,Mid-Market,General,FlowPay makes payment tracking much easier.,5,4.2.0,United States,51052,Positive Experience,Positive,Low
FB-0165,2026-07-24,Feature Request,CUST-1066,SMB,Payments,I was charged twice for the same transaction.,1,4.2.0,United States,12748,Payment Failure,Negative,Critical
FB-0206,2026-07-24,Sales Note,CUST-1021,Enterprise,Reporting,Please add an option to export invoices to Excel.,3,4.2.0,India,163505,Invoice Export,Neutral,Medium
FB-0226,2026-07-24,Feature Request,CUST-1272,SMB,Refunds,I cannot see when my refund will be processed.,3,4.2.0,United States,4837,Refund Delay,Negative,High
FB-0273,2026-07-24,Sales Note,CUST-1210,Free,Refunds,My refund has not arrived after ten days.,1,4.2.0,UAE,0,Refund Delay,Negative,High
FB-0437,2026-07-24,Support Ticket,CUST-1213,Enterprise,Payments,The app crashed while I was paying by card.,2,4.2.0,India,87645,Payment Failure,Negative,Critical
FB-0515,2026-07-24,Support Ticket,CUST-1347,Mid-Market,Payments,The app crashed while I was paying by card.,3,4.2.0,Singapore,69233,Payment Failure,Negative,Critical
FB-0581,2026-07-24,Sales Note,CUST-1349,Mid-Market,General,The application is easy to use and reliable.,4,4.2.0,UAE,27444,Positive Experience,Positive,Low
FB-0590,2026-07-24,Survey,CUST-1161,Enterprise,Payments,I was charged twice for the same transaction.,2,4.2.0,United States,191133,Payment Failure,Negative,Critical
FB-0041,2026-07-25,Feature Request,CUST-1317,Mid-Market,Payments,The amount was deducted but the order was not confirmed.,1,4.2.0,United Kingdom,72943,Payment Failure,Negative,Critical
FB-0125,2026-07-25,Feature Request,CUST-1300,Mid-Market,General,The new dashboard is clean and helpful.,5,4.2.0,India,50403,Positive Experience,Positive,Low
FB-0242,2026-07-25,Sales Note,CUST-1159,SMB,Payments,My payment failed after I entered the OTP.,2,4.2.0,United States,8642,Payment Failure,Negative,Critical
FB-0478,2026-07-25,Sales Note,CUST-1318,SMB,Payments,The amount was deducted but the order was not confirmed.,1,4.2.0,United States,12522,Payment Failure,Negative,Critical
FB-0053,2026-07-26,Support Ticket,CUST-1023,Mid-Market,Payments,The amount was deducted but the order was not confirmed.,2,4.2.0,UAE,24657,Payment Failure,Negative,Critical
FB-0122,2026-07-26,Sales Note,CUST-1167,Free,Payments,I was charged twice for the same transaction.,1,4.2.0,India,0,Payment Failure,Negative,Critical
FB-0147,2026-07-26,Feature Request,CUST-1310,SMB,Payments,The app crashed while I was paying by card.,2,4.2.0,United States,8947,Payment Failure,Negative,Critical
FB-0164,2026-07-26,Sales Note,CUST-1076,SMB,Authentication,The app keeps signing me out.,1,4.2.0,UAE,12757,Login Problem,Negative,High
FB-0227,2026-07-26,Survey,CUST-1312,Mid-Market,Performance,The latest version feels slower than the previous one.,1,4.2.0,United Kingdom,57160,Slow Application,Negative,Medium
FB-0508,2026-07-26,Feature Request,CUST-1011,SMB,Refunds,The refund status has been pending for a week.,1,4.2.0,United Kingdom,4641,Refund Delay,Negative,High
FB-0015,2026-07-27,Survey,CUST-1057,Mid-Market,Integrations,We would like API support for transaction reconciliation.,5,4.2.0,United Kingdom,65371,Integration Request,Positive,Medium
FB-0037,2026-07-27,Survey,CUST-1026,SMB,Reporting,Please add an option to export invoices to Excel.,4,4.2.0,Singapore,10004,Invoice Export,Neutral,Medium
FB-0111,2026-07-27,Sales Note,CUST-1195,SMB,Dashboard,Important payment information is difficult to find.,3,4.2.0,UAE,3293,Dashboard Usability,Neutral,Low
FB-0202,2026-07-27,Sales Note,CUST-1327,Free,Refunds,The refund status has been pending for a week.,1,4.2.0,Singapore,0,Refund Delay,Negative,High
FB-0277,2026-07-27,Support Ticket,CUST-1047,Free,Dashboard,The analytics screen needs clearer filters.,3,4.2.0,Singapore,0,Dashboard Usability,Neutral,Low
FB-0605,2026-07-27,Feature Request,CUST-1216,Free,Integrations,We would like API support for transaction reconciliation.,5,4.2.0,United Kingdom,0,Integration Request,Positive,Medium
FB-0620,2026-07-27,Sales Note,CUST-1069,Enterprise,Dashboard,The analytics screen needs clearer filters.,3,4.2.0,UAE,156003,Dashboard Usability,Neutral,Low
FB-0749,2026-07-27,Survey,CUST-1176,Free,Authentication,Biometric login stopped working after the update.,2,4.2.0,UAE,0,Login Problem,Negative,High
FB-0107,2026-07-28,Survey,CUST-1345,Free,Authentication,Biometric login stopped working after the update.,2,4.2.0,Singapore,0,Login Problem,Negative,High
FB-0303,2026-07-28,Feature Request,CUST-1053,SMB,Refunds,I cannot see when my refund will be processed.,2,4.2.0,India,2402,Refund Delay,Negative,High
FB-0519,2026-07-28,App Store Review,CUST-1218,SMB,Dashboard,Please allow us to customize dashboard widgets.,3,4.2.0,UAE,3746,Dashboard Usability,Neutral,Low
FB-0736,2026-07-28,Feature Request,CUST-1234,SMB,Refunds,Support confirmed a refund but I have not received it.,1,4.2.0,United States,3820,Refund Delay,Negative,High
FB-0004,2026-07-29,Survey,CUST-1052,SMB,Authentication,I cannot log in even though my password is correct.,2,4.2.0,India,5527,Login Problem,Negative,High
FB-0082,2026-07-29,Feature Request,CUST-1052,Mid-Market,General,FlowPay makes payment tracking much easier.,5,4.2.0,Singapore,64335,Positive Experience,Positive,Low
FB-0177,2026-07-29,Feature Request,CUST-1315,Mid-Market,Dashboard,The dashboard navigation is confusing.,3,4.2.0,India,45744,Dashboard Usability,Neutral,Low
FB-0244,2026-07-29,App Store Review,CUST-1126,SMB,Refunds,My refund has not arrived after ten days.,3,4.2.0,Singapore,10806,Refund Delay,Negative,High
FB-0333,2026-07-29,Feature Request,CUST-1067,Free,Payments,The app crashed while I was paying by card.,1,4.2.0,United Kingdom,0,Payment Failure,Negative,Critical
FB-0343,2026-07-29,Sales Note,CUST-1078,Mid-Market,Authentication,The app keeps signing me out.,1,4.2.0,United States,50236,Login Problem,Negative,High
FB-0523,2026-07-29,Feature Request,CUST-1325,Free,Reporting,Please add an option to export invoices to Excel.,3,4.2.0,United Kingdom,0,Invoice Export,Neutral,Medium
FB-0527,2026-07-29,Survey,CUST-1122,SMB,Payments,My payment failed after I entered the OTP.,1,4.2.0,India,2590,Payment Failure,Negative,Critical
FB-0723,2026-07-29,Sales Note,CUST-1020,SMB,Authentication,The OTP for login never arrives.,1,4.2.0,UAE,5991,Login Problem,Negative,High
FB-0162,2026-07-30,Sales Note,CUST-1081,SMB,Authentication,The app keeps signing me out.,2,4.2.0,United States,10564,Login Problem,Negative,High
FB-0265,2026-07-30,Survey,CUST-1144,Enterprise,Payments,The app crashed while I was paying by card.,2,4.2.0,UAE,219725,Payment Failure,Negative,Critical
FB-0272,2026-07-30,Survey,CUST-1030,SMB,Payments,I was charged twice for the same transaction.,3,4.2.0,Singapore,9471,Payment Failure,Negative,Critical
FB-0380,2026-07-30,Sales Note,CUST-1186,Mid-Market,Integrations,Please add an integration with our accounting software.,5,4.2.0,Singapore,70475,Integration Request,Positive,Medium
FB-0382,2026-07-30,Survey,CUST-1114,Mid-Market,General,The new dashboard is clean and helpful.,5,4.2.0,United States,55221,Positive Experience,Positive,Low
FB-0410,2026-07-30,Sales Note,CUST-1291,Free,Refunds,My refund has not arrived after ten days.,1,4.2.0,United Kingdom,0,Refund Delay,Negative,High
FB-0465,2026-07-30,Sales Note,CUST-1326,Enterprise,Reporting,Can you support PDF and CSV invoice exports?,4,4.2.0,India,207093,Invoice Export,Neutral,Medium
FB-0553,2026-07-30,Feature Request,CUST-1185,Mid-Market,Payments,I was charged twice for the same transaction.,3,4.2.0,Singapore,32777,Payment Failure,Negative,Critical
FB-0636,2026-07-30,Sales Note,CUST-1081,Mid-Market,Authentication,Biometric login stopped working after the update.,3,4.2.0,Singapore,48533,Login Problem,Negative,High
FB-0725,2026-07-30,Feature Request,CUST-1064,Enterprise,Reporting,We need bulk invoice downloads for accounting.,3,4.2.0,United States,184111,Invoice Export,Neutral,Medium
FB-0003,2026-07-31,Feature Request,CUST-1301,SMB,Reporting,Can you support PDF and CSV invoice exports?,3,4.2.0,United Kingdom,5611,Invoice Export,Neutral,Medium
FB-0135,2026-07-31,Support Ticket,CUST-1164,Free,Integrations,A Shopify integration would simplify our workflow.,4,4.2.0,United Kingdom,0,Integration Request,Positive,Medium
FB-0185,2026-07-31,App Store Review,CUST-1022,SMB,Performance,The mobile application has become very slow.,1,4.2.0,United States,6807,Slow Application,Negative,Medium
FB-0219,2026-07-31,App Store Review,CUST-1310,SMB,Payments,I was charged twice for the same transaction.,1,4.2.0,United States,9487,Payment Failure,Negative,Critical
FB-0349,2026-07-31,Feature Request,CUST-1261,Mid-Market,General,Customer support resolved my problem quickly.,4,4.2.0,Singapore,47516,Positive Experience,Positive,Low
FB-0379,2026-07-31,Survey,CUST-1030,Mid-Market,Payments,My payment failed after I entered the OTP.,1,4.2.0,UAE,71900,Payment Failure,Negative,Critical
FB-0436,2026-07-31,Survey,CUST-1273,Free,Reporting,Please add an option to export invoices to Excel.,4,4.2.0,India,0,Invoice Export,Neutral,Medium
FB-0495,2026-07-31,App Store Review,CUST-1347,SMB,Performance,Transaction history freezes when I scroll.,2,4.2.0,Singapore,7889,Slow Application,Negative,Medium
FB-0563,2026-07-31,App Store Review,CUST-1134,SMB,Performance,The dashboard takes too long to load.,2,4.2.0,United Kingdom,8199,Slow Application,Negative,Medium
FB-0635,2026-07-31,Feature Request,CUST-1324,Free,Performance,Transaction history freezes when I scroll.,1,4.2.0,UAE,0,Slow Application,Negative,Medium
FB-0106,2026-08-01,Support Ticket,CUST-1240,Enterprise,Payments,Checkout keeps loading and the payment never completes.,2,4.2.0,UAE,115465,Payment Failure,Negative,Critical
FB-0248,2026-08-01,App Store Review,CUST-1296,SMB,Payments,My payment failed after I entered the OTP.,1,4.2.0,Singapore,2049,Payment Failure,Negative,Critical
FB-0274,2026-08-01,Sales Note,CUST-1345,Enterprise,Payments,The app crashed while I was paying by card.,1,4.2.0,India,79494,Payment Failure,Negative,Critical
FB-0290,2026-08-01,Sales Note,CUST-1266,Enterprise,Integrations,A Shopify integration would simplify our workflow.,5,4.2.0,United Kingdom,138634,Integration Request,Positive,Medium
FB-0424,2026-08-01,Survey,CUST-1335,Mid-Market,Dashboard,The dashboard navigation is confusing.,3,4.2.0,United States,26998,Dashboard Usability,Neutral,Low
FB-0597,2026-08-01,Sales Note,CUST-1048,SMB,Payments,I was charged twice for the same transaction.,2,4.2.0,India,9999,Payment Failure,Negative,Critical
FB-0025,2026-08-02,App Store Review,CUST-1097,Enterprise,Payments,I was charged twice for the same transaction.,2,4.2.0,United Kingdom,140184,Payment Failure,Negative,Critical
FB-0191,2026-08-02,Survey,CUST-1327,SMB,Integrations,Please add an integration with our accounting software.,4,4.2.0,Singapore,9126,Integration Request,Positive,Medium
FB-0270,2026-08-02,Sales Note,CUST-1250,SMB,Dashboard,Important payment information is difficult to find.,4,4.2.0,India,13801,Dashboard Usability,Neutral,Low
FB-0345,2026-08-02,Support Ticket,CUST-1222,SMB,General,FlowPay makes payment tracking much easier.,5,4.2.0,UAE,6005,Positive Experience,Positive,Low
FB-0348,2026-08-02,Survey,CUST-1219,Mid-Market,Integrations,We would like API support for transaction reconciliation.,4,4.2.0,United States,16924,Integration Request,Positive,Medium
FB-0383,2026-08-02,Support Ticket,CUST-1293,Free,Reporting,Invoice export would save our finance team several hours.,4,4.2.0,India,0,Invoice Export,Neutral,Medium
FB-0598,2026-08-02,Support Ticket,CUST-1171,SMB,Dashboard,Please allow us to customize dashboard widgets.,3,4.2.0,Singapore,14781,Dashboard Usability,Neutral,Low
FB-0622,2026-08-02,Feature Request,CUST-1155,SMB,Payments,The app crashed while I was paying by card.,2,4.2.0,United Kingdom,8783,Payment Failure,Negative,Critical
FB-0739,2026-08-02,Survey,CUST-1222,Enterprise,Authentication,The OTP for login never arrives.,3,4.2.0,United Kingdom,139968,Login Problem,Negative,High
FB-0080,2026-08-03,Sales Note,CUST-1305,Mid-Market,Refunds,I cannot see when my refund will be processed.,1,4.2.0,United Kingdom,64821,Refund Delay,Negative,High
FB-0319,2026-08-03,Support Ticket,CUST-1230,Mid-Market,Dashboard,Please allow us to customize dashboard widgets.,3,4.2.0,India,34511,Dashboard Usability,Neutral,Low
FB-0472,2026-08-03,Survey,CUST-1229,Mid-Market,Reporting,We need bulk invoice downloads for accounting.,4,4.2.0,India,27682,Invoice Export,Neutral,Medium
FB-0536,2026-08-03,Survey,CUST-1105,Mid-Market,Payments,The amount was deducted but the order was not confirmed.,1,4.2.0,United Kingdom,72197,Payment Failure,Negative,Critical
FB-0674,2026-08-03,Support Ticket,CUST-1303,Mid-Market,Integrations,Please connect FlowPay with more CRM platforms.,5,4.2.0,UAE,46892,Integration Request,Positive,Medium
FB-0731,2026-08-03,Support Ticket,CUST-1248,SMB,Payments,I was charged twice for the same transaction.,1,4.2.0,India,4589,Payment Failure,Negative,Critical
FB-0140,2026-08-04,Support Ticket,CUST-1300,Mid-Market,Performance,Transaction history freezes when I scroll.,1,4.2.0,Singapore,51463,Slow Application,Negative,Medium
FB-0183,2026-08-04,App Store Review,CUST-1336,Mid-Market,Payments,My payment failed after I entered the OTP.,3,4.2.0,United States,37597,Payment Failure,Negative,Critical
FB-0188,2026-08-04,App Store Review,CUST-1254,Enterprise,Authentication,Biometric login stopped working after the update.,2,4.2.0,UAE,163877,Login Problem,Negative,High
FB-0385,2026-08-04,App Store Review,CUST-1325,SMB,Payments,My payment failed after I entered the OTP.,2,4.2.0,Singapore,7234,Payment Failure,Negative,Critical
FB-0586,2026-08-04,Support Ticket,CUST-1315,SMB,Integrations,We would like API support for transaction reconciliation.,4,4.2.0,India,8046,Integration Request,Positive,Medium
FB-0697,2026-08-04,Feature Request,CUST-1349,Enterprise,General,The application is easy to use and reliable.,5,4.2.0,United States,136253,Positive Experience,Positive,Low
FB-0058,2026-08-05,Sales Note,CUST-1248,Mid-Market,Payments,The amount was deducted but the order was not confirmed.,2,4.2.0,Singapore,65189,Payment Failure,Negative,Critical
FB-0120,2026-08-05,Feature Request,CUST-1285,Enterprise,General,Customer support resolved my problem quickly.,4,4.2.0,Singapore,264850,Positive Experience,Positive,Low
FB-0610,2026-08-05,App Store Review,CUST-1342,SMB,Payments,My payment failed after I entered the OTP.,2,4.2.0,UAE,13959,Payment Failure,Negative,Critical
FB-0696,2026-08-05,Feature Request,CUST-1204,Free,Dashboard,The analytics screen needs clearer filters.,3,4.2.0,Singapore,0,Dashboard Usability,Neutral,Low
FB-0742,2026-08-05,App Store Review,CUST-1183,Mid-Market,Payments,Checkout keeps loading and the payment never completes.,1,4.2.0,India,29288,Payment Failure,Negative,Critical
FB-0109,2026-08-06,App Store Review,CUST-1153,Enterprise,Reporting,Please add an option to export invoices to Excel.,3,4.2.0,United States,191308,Invoice Export,Neutral,Medium
FB-0157,2026-08-06,Sales Note,CUST-1329,Mid-Market,Reporting,Can you support PDF and CSV invoice exports?,4,4.2.0,United States,72806,Invoice Export,Neutral,Medium
FB-0466,2026-08-06,Feature Request,CUST-1345,SMB,Authentication,The app keeps signing me out.,2,4.2.0,India,11349,Login Problem,Negative,High
FB-0538,2026-08-06,Feature Request,CUST-1190,Enterprise,Dashboard,Please allow us to customize dashboard widgets.,3,4.2.0,UAE,297301,Dashboard Usability,Neutral,Low
FB-0662,2026-08-06,App Store Review,CUST-1098,Enterprise,Payments,Checkout keeps loading and the payment never completes.,2,4.2.0,UAE,159117,Payment Failure,Negative,Critical
FB-0722,2026-08-06,Support Ticket,CUST-1140,SMB,Payments,The amount was deducted but the order was not confirmed.,2,4.2.0,United Kingdom,3035,Payment Failure,Negative,Critical
FB-0007,2026-08-07,App Store Review,CUST-1051,Free,Payments,The app crashed while I was paying by card.,2,4.2.0,Singapore,0,Payment Failure,Negative,Critical
FB-0045,2026-08-07,Sales Note,CUST-1169,Mid-Market,Payments,My payment failed after I entered the OTP.,1,4.2.0,United States,41194,Payment Failure,Negative,Critical
FB-0250,2026-08-07,Feature Request,CUST-1191,Mid-Market,Payments,The app crashed while I was paying by card.,2,4.2.0,Singapore,62795,Payment Failure,Negative,Critical
FB-0644,2026-08-07,Support Ticket,CUST-1218,SMB,Payments,I was charged twice for the same transaction.,1,4.2.0,United States,8208,Payment Failure,Negative,Critical
FB-0695,2026-08-07,App Store Review,CUST-1107,Mid-Market,Authentication,The app keeps signing me out.,1,4.2.0,United States,62580,Login Problem,Negative,High
FB-0744,2026-08-07,Survey,CUST-1320,Mid-Market,Payments,The app crashed while I was paying by card.,1,4.2.0,India,27121,Payment Failure,Negative,Critical
FB-0196,2026-08-08,Survey,CUST-1251,SMB,Payments,The amount was deducted but the order was not confirmed.,1,4.2.0,United Kingdom,12024,Payment Failure,Negative,Critical
FB-0317,2026-08-08,Feature Request,CUST-1281,Mid-Market,Refunds,My refund has not arrived after ten days.,3,4.2.0,India,65196,Refund Delay,Negative,High
FB-0404,2026-08-08,Survey,CUST-1210,SMB,Payments,Checkout keeps loading and the payment never completes.,2,4.2.0,Singapore,10775,Payment Failure,Negative,Critical
FB-0408,2026-08-08,Sales Note,CUST-1330,SMB,Dashboard,The dashboard navigation is confusing.,3,4.2.0,Singapore,8828,Dashboard Usability,Neutral,Low
FB-0603,2026-08-08,Sales Note,CUST-1101,Mid-Market,Performance,The latest version feels slower than the previous one.,2,4.2.0,UAE,46518,Slow Application,Negative,Medium
FB-0623,2026-08-08,Support Ticket,CUST-1313,Free,Payments,I was charged twice for the same transaction.,2,4.2.0,UAE,0,Payment Failure,Negative,Critical
FB-0628,2026-08-08,Survey,CUST-1201,Mid-Market,Payments,I was charged twice for the same transaction.,3,4.2.0,UAE,39929,Payment Failure,Negative,Critical
FB-0706,2026-08-08,Feature Request,CUST-1170,Mid-Market,Payments,My payment failed after I entered the OTP.,2,4.2.0,United States,40088,Payment Failure,Negative,Critical
FB-0733,2026-08-08,Feature Request,CUST-1102,SMB,Payments,The app crashed while I was paying by card.,1,4.2.0,India,5884,Payment Failure,Negative,Critical
FB-0388,2026-08-09,App Store Review,CUST-1083,Mid-Market,Integrations,Please connect FlowPay with more CRM platforms.,4,4.2.0,India,60034,Integration Request,Positive,Medium
FB-0440,2026-08-09,Survey,CUST-1267,SMB,Payments,The amount was deducted but the order was not confirmed.,2,4.2.0,Singapore,5272,Payment Failure,Negative,Critical
FB-0470,2026-08-09,Support Ticket,CUST-1195,Mid-Market,Dashboard,The analytics screen needs clearer filters.,3,4.2.0,United States,60413,Dashboard Usability,Neutral,Low
FB-0522,2026-08-09,Sales Note,CUST-1205,SMB,Performance,Transaction history freezes when I scroll.,3,4.2.0,UAE,5513,Slow Application,Negative,Medium
FB-0110,2026-08-10,App Store Review,CUST-1125,SMB,Payments,I was charged twice for the same transaction.,2,4.2.0,UAE,9056,Payment Failure,Negative,Critical
FB-0199,2026-08-10,Survey,CUST-1283,Mid-Market,Payments,I was charged twice for the same transaction.,2,4.2.0,Singapore,16723,Payment Failure,Negative,Critical
FB-0576,2026-08-10,Sales Note,CUST-1330,SMB,Payments,Checkout keeps loading and the payment never completes.,2,4.2.0,United Kingdom,7189,Payment Failure,Negative,Critical
FB-0678,2026-08-10,Survey,CUST-1045,SMB,Integrations,Please add an integration with our accounting software.,5,4.2.0,United Kingdom,9122,Integration Request,Positive,Medium
FB-0042,2026-08-11,App Store Review,CUST-1170,Enterprise,Dashboard,The analytics screen needs clearer filters.,4,4.2.0,United Kingdom,81498,Dashboard Usability,Neutral,Low
FB-0200,2026-08-11,Support Ticket,CUST-1033,Free,General,Customer support resolved my problem quickly.,5,4.2.0,Singapore,0,Positive Experience,Positive,Low
FB-0297,2026-08-11,Feature Request,CUST-1344,Mid-Market,Payments,The app crashed while I was paying by card.,1,4.2.0,United States,68672,Payment Failure,Negative,Critical
FB-0447,2026-08-11,Support Ticket,CUST-1067,Enterprise,Authentication,I cannot log in even though my password is correct.,1,4.2.0,India,118721,Login Problem,Negative,High
FB-0480,2026-08-11,App Store Review,CUST-1164,SMB,Refunds,My refund has not arrived after ten days.,1,4.2.0,United Kingdom,6856,Refund Delay,Negative,High
FB-0254,2026-08-12,Support Ticket,CUST-1123,Mid-Market,Reporting,We need bulk invoice downloads for accounting.,3,4.2.0,India,72918,Invoice Export,Neutral,Medium
FB-0057,2026-08-13,Feature Request,CUST-1081,SMB,Performance,The latest version feels slower than the previous one.,2,4.2.0,United States,10976,Slow Application,Negative,Medium
FB-0407,2026-08-13,Support Ticket,CUST-1116,SMB,Dashboard,Important payment information is difficult to find.,3,4.2.0,Singapore,10054,Dashboard Usability,Neutral,Low
FB-0422,2026-08-13,Sales Note,CUST-1326,Mid-Market,Payments,The app crashed while I was paying by card.,2,4.2.0,UAE,29573,Payment Failure,Negative,Critical
FB-0446,2026-08-13,Feature Request,CUST-1233,Free,Payments,Checkout keeps loading and the payment never completes.,2,4.2.0,Singapore,0,Payment Failure,Negative,Critical
FB-0498,2026-08-13,App Store Review,CUST-1018,SMB,Reporting,Can you support PDF and CSV invoice exports?,4,4.2.0,UAE,11667,Invoice Export,Neutral,Medium
FB-0720,2026-08-13,Sales Note,CUST-1315,Free,Dashboard,Important payment information is difficult to find.,3,4.2.0,United Kingdom,0,Dashboard Usability,Neutral,Low
FB-0217,2026-08-14,App Store Review,CUST-1049,Mid-Market,General,The application is easy to use and reliable.,5,4.2.0,United States,22787,Positive Experience,Positive,Low
FB-0433,2026-08-14,Sales Note,CUST-1305,Enterprise,Payments,I was charged twice for the same transaction.,2,4.2.0,Singapore,194519,Payment Failure,Negative,Critical
FB-0038,2026-08-15,App Store Review,CUST-1326,Free,Payments,Checkout keeps loading and the payment never completes.,1,4.2.0,Singapore,0,Payment Failure,Negative,Critical
FB-0074,2026-08-15,App Store Review,CUST-1237,SMB,Integrations,Please connect FlowPay with more CRM platforms.,5,4.2.0,India,9385,Integration Request,Positive,Medium
FB-0115,2026-08-15,Support Ticket,CUST-1310,SMB,Reporting,Invoice export would save our finance team several hours.,3,4.2.0,United Kingdom,11272,Invoice Export,Neutral,Medium
FB-0126,2026-08-15,Support Ticket,CUST-1189,SMB,Refunds,The refund status has been pending for a week.,2,4.2.0,Singapore,6583,Refund Delay,Negative,High
FB-0282,2026-08-15,Survey,CUST-1196,Mid-Market,Dashboard,Important payment information is difficult to find.,4,4.2.0,India,50427,Dashboard Usability,Neutral,Low
FB-0324,2026-08-15,Feature Request,CUST-1072,Enterprise,Payments,I was charged twice for the same transaction.,2,4.2.0,Singapore,177945,Payment Failure,Negative,Critical
FB-0587,2026-08-15,Support Ticket,CUST-1051,Enterprise,Payments,The amount was deducted but the order was not confirmed.,3,4.2.0,Singapore,211180,Payment Failure,Negative,Critical
FB-0017,2026-08-16,Survey,CUST-1082,Mid-Market,Reporting,Please add an option to export invoices to Excel.,4,4.2.0,United States,25017,Invoice Export,Neutral,Medium
FB-0537,2026-08-16,Support Ticket,CUST-1040,SMB,Reporting,Invoice export would save our finance team several hours.,4,4.2.0,India,3747,Invoice Export,Neutral,Medium
FB-0682,2026-08-16,Survey,CUST-1343,Enterprise,Integrations,A Shopify integration would simplify our workflow.,4,4.2.0,India,115441,Integration Request,Positive,Medium
FB-0054,2026-08-17,Sales Note,CUST-1099,SMB,Performance,The latest version feels slower than the previous one.,2,4.2.0,Singapore,12318,Slow Application,Negative,Medium
FB-0306,2026-08-17,App Store Review,CUST-1124,Free,Payments,I was charged twice for the same transaction.,1,4.2.0,UAE,0,Payment Failure,Negative,Critical
FB-0552,2026-08-17,Survey,CUST-1116,Free,Integrations,We would like API support for transaction reconciliation.,5,4.2.0,United States,0,Integration Request,Positive,Medium
FB-0625,2026-08-17,App Store Review,CUST-1198,Mid-Market,Reporting,Invoice export would save our finance team several hours.,3,4.2.0,United Kingdom,39508,Invoice Export,Neutral,Medium
FB-0647,2026-08-17,Survey,CUST-1066,SMB,Payments,I was charged twice for the same transaction.,3,4.2.0,Singapore,12211,Payment Failure,Negative,Critical
FB-0686,2026-08-17,Feature Request,CUST-1279,Mid-Market,Performance,Transaction history freezes when I scroll.,1,4.2.0,India,32646,Slow Application,Negative,Medium
FB-0711,2026-08-17,Sales Note,CUST-1115,Mid-Market,Performance,The dashboard takes too long to load.,2,4.2.0,Singapore,19595,Slow Application,Negative,Medium
FB-0197,2026-08-18,Feature Request,CUST-1044,SMB,Payments,Checkout keeps loading and the payment never completes.,2,4.2.0,India,13687,Payment Failure,Negative,Critical
FB-0350,2026-08-18,Support Ticket,CUST-1293,SMB,Refunds,My refund has not arrived after ten days.,1,4.2.0,UAE,6179,Refund Delay,Negative,High
FB-0565,2026-08-18,Support Ticket,CUST-1326,Free,Payments,The app crashed while I was paying by card.,3,4.2.0,Singapore,0,Payment Failure,Negative,Critical
FB-0594,2026-08-18,Survey,CUST-1283,Mid-Market,Payments,I was charged twice for the same transaction.,3,4.2.0,UAE,60202,Payment Failure,Negative,Critical
FB-0679,2026-08-18,Support Ticket,CUST-1000,SMB,Payments,I was charged twice for the same transaction.,2,4.2.0,India,10992,Payment Failure,Negative,Critical
FB-0704,2026-08-18,Sales Note,CUST-1094,SMB,Reporting,Please add an option to export invoices to Excel.,4,4.2.0,United Kingdom,14515,Invoice Export,Neutral,Medium
FB-0738,2026-08-18,Sales Note,CUST-1242,Enterprise,Refunds,Support confirmed a refund but I have not received it.,2,4.2.0,India,131740,Refund Delay,Negative,High
FB-0086,2026-08-19,Sales Note,CUST-1030,SMB,Reporting,Please add an option to export invoices to Excel.,3,4.2.0,United Kingdom,11316,Invoice Export,Neutral,Medium
FB-0419,2026-08-19,Survey,CUST-1096,Mid-Market,Payments,The amount was deducted but the order was not confirmed.,3,4.2.0,United Kingdom,73483,Payment Failure,Negative,Critical
FB-0614,2026-08-19,App Store Review,CUST-1256,Free,Reporting,Invoice export would save our finance team several hours.,4,4.2.0,India,0,Invoice Export,Neutral,Medium
FB-0680,2026-08-19,Feature Request,CUST-1302,Free,Payments,The app crashed while I was paying by card.,2,4.2.0,Singapore,0,Payment Failure,Negative,Critical
FB-0684,2026-08-19,Feature Request,CUST-1319,Mid-Market,Refunds,The refund status has been pending for a week.,2,4.2.0,UAE,54612,Refund Delay,Negative,High
FB-0108,2026-08-20,Survey,CUST-1116,Mid-Market,Refunds,My refund has not arrived after ten days.,2,4.2.0,India,30386,Refund Delay,Negative,High
FB-0330,2026-08-20,Survey,CUST-1128,SMB,Integrations,Please add an integration with our accounting software.,5,4.2.0,United Kingdom,12724,Integration Request,Positive,Medium
FB-0444,2026-08-20,Survey,CUST-1218,SMB,Payments,My payment failed after I entered the OTP.,1,4.2.0,India,13088,Payment Failure,Negative,Critical
FB-0539,2026-08-20,Sales Note,CUST-1143,SMB,Payments,The app crashed while I was paying by card.,1,4.2.0,UAE,14521,Payment Failure,Negative,Critical
FB-0549,2026-08-20,Sales Note,CUST-1332,Mid-Market,Reporting,We need bulk invoice downloads for accounting.,3,4.2.0,United States,52805,Invoice Export,Neutral,Medium
FB-0551,2026-08-20,Feature Request,CUST-1323,Mid-Market,Payments,I was charged twice for the same transaction.,3,4.2.0,Singapore,37112,Payment Failure,Negative,Critical
FB-0661,2026-08-20,Support Ticket,CUST-1266,SMB,Payments,Checkout keeps loading and the payment never completes.,1,4.2.0,UAE,2755,Payment Failure,Negative,Critical
FB-0411,2026-08-21,Support Ticket,CUST-1233,Enterprise,Dashboard,The dashboard navigation is confusing.,3,4.2.0,United Kingdom,140403,Dashboard Usability,Neutral,Low
FB-0503,2026-08-21,Support Ticket,CUST-1266,Enterprise,Payments,Checkout keeps loading and the payment never completes.,2,4.2.0,UAE,159954,Payment Failure,Negative,Critical
FB-0506,2026-08-21,Sales Note,CUST-1329,SMB,Payments,Checkout keeps loading and the payment never completes.,1,4.2.0,United Kingdom,3263,Payment Failure,Negative,Critical
FB-0630,2026-08-21,Support Ticket,CUST-1285,SMB,General,The application is easy to use and reliable.,4,4.2.0,United Kingdom,8481,Positive Experience,Positive,Low
FB-0657,2026-08-21,App Store Review,CUST-1268,SMB,Payments,Checkout keeps loading and the payment never completes.,1,4.2.0,India,6958,Payment Failure,Negative,Critical
FB-0746,2026-08-21,Survey,CUST-1026,Enterprise,Payments,My payment failed after I entered the OTP.,2,4.2.0,United States,209936,Payment Failure,Negative,Critical
FB-0406,2026-08-22,Feature Request,CUST-1137,Mid-Market,Integrations,We would like API support for transaction reconciliation.,4,4.2.0,United States,18231,Integration Request,Positive,Medium
FB-0434,2026-08-22,Feature Request,CUST-1183,Free,Reporting,We need bulk invoice downloads for accounting.,3,4.2.0,Singapore,0,Invoice Export,Neutral,Medium
FB-0359,2026-08-23,Feature Request,CUST-1043,SMB,Dashboard,The dashboard navigation is confusing.,4,4.2.0,United Kingdom,8102,Dashboard Usability,Neutral,Low
FB-0374,2026-08-23,Sales Note,CUST-1183,SMB,Dashboard,Important payment information is difficult to find.,3,4.2.0,India,9728,Dashboard Usability,Neutral,Low
FB-0395,2026-08-23,Sales Note,CUST-1198,Free,Reporting,We need bulk invoice downloads for accounting.,3,4.2.0,Singapore,0,Invoice Export,Neutral,Medium
FB-0428,2026-08-23,App Store Review,CUST-1041,SMB,Integrations,Please connect FlowPay with more CRM platforms.,5,4.2.0,United Kingdom,7183,Integration Request,Positive,Medium
FB-0497,2026-08-23,Support Ticket,CUST-1038,SMB,Refunds,My refund has not arrived after ten days.,3,4.2.0,India,12266,Refund Delay,Negative,High
FB-0732,2026-08-23,Survey,CUST-1214,SMB,Payments,The amount was deducted but the order was not confirmed.,2,4.2.0,United Kingdom,11498,Payment Failure,Negative,Critical
FB-0117,2026-08-24,Feature Request,CUST-1017,Free,Reporting,Can you support PDF and CSV invoice exports?,4,4.2.0,United Kingdom,0,Invoice Export,Neutral,Medium
FB-0171,2026-08-24,Feature Request,CUST-1236,SMB,Dashboard,Please allow us to customize dashboard widgets.,3,4.2.0,UAE,11345,Dashboard Usability,Neutral,Low
FB-0420,2026-08-24,Sales Note,CUST-1206,Enterprise,Payments,Checkout keeps loading and the payment never completes.,1,4.2.0,India,287345,Payment Failure,Negative,Critical
FB-0443,2026-08-24,Survey,CUST-1237,SMB,Payments,My payment failed after I entered the OTP.,1,4.2.0,United Kingdom,6850,Payment Failure,Negative,Critical
FB-0490,2026-08-24,App Store Review,CUST-1113,SMB,Reporting,Can you support PDF and CSV invoice exports?,3,4.2.0,India,4637,Invoice Export,Neutral,Medium
FB-0514,2026-08-24,Sales Note,CUST-1257,Free,Reporting,Please add an option to export invoices to Excel.,3,4.2.0,Singapore,0,Invoice Export,Neutral,Medium
FB-0611,2026-08-24,App Store Review,CUST-1030,Free,Reporting,Can you support PDF and CSV invoice exports?,3,4.2.0,UAE,0,Invoice Export,Neutral,Medium
FB-0689,2026-08-24,Feature Request,CUST-1262,Mid-Market,Payments,The app crashed while I was paying by card.,3,4.2.0,United States,45728,Payment Failure,Negative,Critical
FB-0442,2026-08-25,App Store Review,CUST-1046,Mid-Market,Payments,I was charged twice for the same transaction.,1,4.2.0,India,47382,Payment Failure,Negative,Critical
FB-0619,2026-08-25,App Store Review,CUST-1334,SMB,Reporting,We need bulk invoice downloads for accounting.,4,4.2.0,UAE,4158,Invoice Export,Neutral,Medium
FB-0740,2026-08-25,Support Ticket,CUST-1020,Free,Reporting,Invoice export would save our finance team several hours.,4,4.2.0,UAE,0,Invoice Export,Neutral,Medium
FB-0152,2026-08-26,Sales Note,CUST-1207,SMB,Payments,The app crashed while I was paying by card.,2,4.2.0,India,9033,Payment Failure,Negative,Critical
FB-0267,2026-08-26,Sales Note,CUST-1113,SMB,Payments,The amount was deducted but the order was not confirmed.,1,4.2.0,United States,2749,Payment Failure,Negative,Critical
FB-0275,2026-08-26,App Store Review,CUST-1317,Free,Payments,I was charged twice for the same transaction.,2,4.2.0,United States,0,Payment Failure,Negative,Critical
FB-0353,2026-08-26,Sales Note,CUST-1190,SMB,Performance,The dashboard takes too long to load.,3,4.2.0,India,3276,Slow Application,Negative,Medium
FB-0621,2026-08-26,Sales Note,CUST-1060,Free,Payments,The amount was deducted but the order was not confirmed.,2,4.2.0,United Kingdom,0,Payment Failure,Negative,Critical
FB-0632,2026-08-26,Feature Request,CUST-1330,SMB,Payments,The app crashed while I was paying by card.,1,4.2.0,UAE,4330,Payment Failure,Negative,Critical
FB-0033,2026-08-27,Feature Request,CUST-1318,Free,Performance,The dashboard takes too long to load.,1,4.2.0,UAE,0,Slow Application,Negative,Medium
FB-0098,2026-08-27,Support Ticket,CUST-1014,Enterprise,Payments,I was charged twice for the same transaction.,1,4.2.0,United Kingdom,202065,Payment Failure,Negative,Critical
FB-0262,2026-08-27,App Store Review,CUST-1026,SMB,Authentication,The app keeps signing me out.,2,4.2.0,UAE,10775,Login Problem,Negative,High
FB-0280,2026-08-27,Sales Note,CUST-1336,Enterprise,Payments,My payment failed after I entered the OTP.,1,4.2.0,United States,217353,Payment Failure,Negative,Critical
FB-0510,2026-08-27,Sales Note,CUST-1326,Enterprise,Payments,My payment failed after I entered the OTP.,2,4.2.0,India,232118,Payment Failure,Negative,Critical
FB-0592,2026-08-27,Feature Request,CUST-1203,SMB,Performance,The dashboard takes too long to load.,1,4.2.0,United States,9412,Slow Application,Negative,Medium
FB-0595,2026-08-27,Feature Request,CUST-1182,Free,Reporting,We need bulk invoice downloads for accounting.,3,4.2.0,United States,0,Invoice Export,Neutral,Medium
FB-0100,2026-08-28,Feature Request,CUST-1247,SMB,Performance,The latest version feels slower than the previous one.,1,4.2.0,Singapore,6479,Slow Application,Negative,Medium
FB-0173,2026-08-28,Support Ticket,CUST-1145,Enterprise,Payments,My payment failed after I entered the OTP.,1,4.2.0,United States,298129,Payment Failure,Negative,Critical
FB-0176,2026-08-28,App Store Review,CUST-1070,Mid-Market,Payments,My payment failed after I entered the OTP.,2,4.2.0,Singapore,36974,Payment Failure,Negative,Critical
FB-0186,2026-08-28,Feature Request,CUST-1129,SMB,Payments,My payment failed after I entered the OTP.,1,4.2.0,United States,10897,Payment Failure,Negative,Critical
FB-0220,2026-08-28,Survey,CUST-1303,SMB,Reporting,Can you support PDF and CSV invoice exports?,4,4.2.0,UAE,12100,Invoice Export,Neutral,Medium
FB-0352,2026-08-28,Feature Request,CUST-1114,Free,General,Customer support resolved my problem quickly.,4,4.2.0,Singapore,0,Positive Experience,Positive,Low
FB-0525,2026-08-28,Survey,CUST-1305,Mid-Market,General,FlowPay makes payment tracking much easier.,4,4.2.0,Singapore,49145,Positive Experience,Positive,Low
FB-0535,2026-08-28,Sales Note,CUST-1137,SMB,Payments,The amount was deducted but the order was not confirmed.,1,4.2.0,Singapore,5580,Payment Failure,Negative,Critical
FB-0599,2026-08-28,Sales Note,CUST-1005,Enterprise,Integrations,Please connect FlowPay with more CRM platforms.,4,4.2.0,United States,134433,Integration Request,Positive,Medium
FB-0091,2026-08-29,Support Ticket,CUST-1306,SMB,Payments,My payment failed after I entered the OTP.,2,4.2.0,United States,9172,Payment Failure,Negative,Critical
FB-0259,2026-08-29,Survey,CUST-1213,SMB,Reporting,Invoice export would save our finance team several hours.,3,4.2.0,United States,10592,Invoice Export,Neutral,Medium
FB-0617,2026-08-29,Survey,CUST-1201,SMB,Refunds,The refund status has been pending for a week.,1,4.2.0,Singapore,4485,Refund Delay,Negative,High
FB-0067,2026-08-30,App Store Review,CUST-1122,Enterprise,Payments,The amount was deducted but the order was not confirmed.,2,4.2.0,India,237880,Payment Failure,Negative,Critical
FB-0127,2026-08-30,Survey,CUST-1278,SMB,Payments,Checkout keeps loading and the payment never completes.,1,4.2.0,Singapore,13234,Payment Failure,Negative,Critical
FB-0207,2026-08-30,App Store Review,CUST-1292,Mid-Market,Reporting,Invoice export would save our finance team several hours.,4,4.2.0,India,57673,Invoice Export,Neutral,Medium
FB-0224,2026-08-30,Survey,CUST-1214,SMB,Performance,The mobile application has become very slow.,2,4.2.0,United Kingdom,9225,Slow Application,Negative,Medium
FB-0608,2026-08-30,Survey,CUST-1007,Free,Reporting,Can you support PDF and CSV invoice exports?,4,4.2.0,India,0,Invoice Export,Neutral,Medium
FB-0072,2026-08-31,App Store Review,CUST-1222,Enterprise,Authentication,The OTP for login never arrives.,3,4.2.0,United States,195518,Login Problem,Negative,High
FB-0139,2026-08-31,Support Ticket,CUST-1043,Enterprise,Payments,My payment failed after I entered the OTP.,2,4.2.0,India,92599,Payment Failure,Negative,Critical
FB-0230,2026-08-31,Support Ticket,CUST-1147,Free,Performance,The dashboard takes too long to load.,2,4.2.0,Singapore,0,Slow Application,Negative,Medium
FB-0241,2026-08-31,Support Ticket,CUST-1133,Mid-Market,Payments,Checkout keeps loading and the payment never completes.,1,4.2.0,India,52545,Payment Failure,Negative,Critical
FB-0284,2026-08-31,Support Ticket,CUST-1324,Enterprise,Reporting,Can you support PDF and CSV invoice exports?,3,4.2.0,Singapore,160558,Invoice Export,Neutral,Medium
FB-0481,2026-08-31,Support Ticket,CUST-1107,SMB,Performance,The mobile application has become very slow.,2,4.2.0,India,12271,Slow Application,Negative,Medium
FB-0488,2026-08-31,App Store Review,CUST-1063,Mid-Market,General,FlowPay makes payment tracking much easier.,4,4.2.0,UAE,51378,Positive Experience,Positive,Low
FB-0543,2026-08-31,Feature Request,CUST-1107,SMB,Reporting,Invoice export would save our finance team several hours.,4,4.2.0,United States,10171,Invoice Export,Neutral,Medium
